SMILES,label
Cc1ccc2c(c1S)C(=O)c1ccccc1C2=O,quinone compounds
CCc1ccc(C2=C(O)C(=O)C(c3ccccc3)=C(O)C2=O)cc1,quinone compounds
COc1cc(C(=O)OC2=CC(=O)c3nc(OC(=O)c4cc(OC)c(OC)c(OC)c4)ccc3C2=O)cc(OC)c1OC,quinone compounds
CC1=C(C)C(=O)C(S[C@@H]2CC(=O)OC2=O)=C(C)C1=O,quinone compounds
COC1=CC(=O)C(C#CCOCc2ccccc2)=CC1=O,quinone compounds
COC1=CC(=O)C(OC)=C([C@@H]2C(=O)N(C)c3ccccc32)C1=O,quinone compounds
CCN(CC)CCOc1ccc2c(c1O)C(=O)c1ccccc1C2=O,quinone compounds
O=C1c2ccccc2C(=O)c2cc(/N=N/c3c(O)ccc4ccccc34)ccc21,quinone compounds
CC(C)=CCC[C@H](C)C1=C(O)C(N)=C(C)C(=O)C1=O,quinone compounds
CC(C)=CCC[C@H](C)C1=C(Nc2ccccc2Cl)C(O)=C(C)C(=O)C1=O,quinone compounds
Cc1cccc(Nc2cccc3c2C(=O)C(=O)C=C3)c1C,quinone compounds
COc1cc(O[Si](C)(C)C)c2c(c1)C(=O)c1cc(C)cc(O[Si](C)(C)C)c1C2=O,quinone compounds
CN(C)C1=CC(=O)C(=O)C=C1N(C)C,quinone compounds
O=C1C=C(N2CCCC2)C(=O)C=C1Cl,quinone compounds
Cn1c(=O)[nH]c(=O)c2c1nc1n2CCCN1CCc1ccccc1,quinone compounds
COc1ccc(C(=O)ON=C2C=CC(=O)C=C2)cc1,quinone compounds
COc1cccc(OC)c1C(=O)ON=C1C=CC(=O)C=C1,quinone compounds
O=C1C=CC(=NOC(=O)c2ccc3ccccc3c2)C=C1,quinone compounds
CN(C)c1ncc(C2=C(Cl)C(=O)C(N3CCCC3)=C(Cl)C2=O)s1,quinone compounds
O=C1C(Cl)=C(Cl)C(=O)C(c2cnc(N3CCOCC3)s2)=C1Cl,quinone compounds
O=C1c2ccccc2C(=O)N1c1n[nH]c(CCc2ccccc2)n1,quinone compounds
O=C1C=CC(=NOC(=O)c2cccc([N+](=O)[O-])c2Br)C=C1,quinone compounds
O=C(ON=C1C=CC(=NOC(=O)c2ccc(Br)cc2)C=C1)c1ccccc1,quinone compounds
Cc1cc(C(=O)CN2C(=O)NC3(CCCCC3)C2=O)c(C)n1Cc1ccc2c(c1)OCO2,quinone compounds
C[C@]1(O)C(=O)Nc2ccccc2C1=O,quinone compounds
COCCCNc1cccc2c1C(=O)c1ccccc1C2=O,quinone compounds
Cc1ccc(Nc2cc(O)c3c(c2O)C(=O)c2ccccc2C3=O)cc1,quinone compounds
Nc1c(Cl)cc2c(c1Oc1ccccc1)C(=O)c1ccccc1C2=O,quinone compounds
Cc1ccc(C)c(OC[C@H](O)CN2CCN(CCN3C(=O)c4cccc5cccc(c45)C3=O)CC2)c1,quinone compounds
O=C1c2cccc(Cl)c2C(=O)c2c1cccc2N1CCCC1,quinone compounds
O=C1c2c(Cl)c(Cl)c(Cl)c(Cl)c2C(=O)N1c1n[nH]c(CCc2ccccc2)n1,quinone compounds
CCCCCCCCSC1=CC(=O)C(Sc2nnnn2-c2ccccc2)=CC1=O,quinone compounds
CC(=O)c1ccc(OC[C@H](O)CN2CCN(CCN3C(=O)c4cccc5cccc(c45)C3=O)CC2)cc1,quinone compounds
O=C1C(Cl)=C(Nc2cccc([N+](=O)[O-])c2)C(=O)C(Cl)=C1Nc1cccc([N+](=O)[O-])c1,quinone compounds
O=C1C(=O)N(Cc2cccnc2)[C@@H](c2cccc(Br)c2)[C@@H]1C(=O)c1ccc2c(c1)OCO2,quinone compounds
O=C1c2cccc(N3CCCC3)c2C(=O)c2cccc(N3CCCC3)c21,quinone compounds
O=C1c2cccc(Cl)c2C(=O)c2c1cccc2N1CCOCC1,quinone compounds
O=C1c2ccccc2C(=O)c2cc(OC[C@@H](O)CN3CCOCC3)ccc21,quinone compounds
O=C1C(Cl)=C(Nc2ccc(F)cc2)C(=O)C(Cl)=C1Nc1ccc(F)cc1,quinone compounds
O=C1C(Cl)=C(Nc2cccc(C(F)(F)F)c2)C(=O)C(Cl)=C1Nc1cccc(C(F)(F)F)c1,quinone compounds
COc1ccc(C(=O)ON=C2C=CC(=O)C=C2)c(OC)c1,quinone compounds
Cc1cc(C(=O)CN2C(=O)N[C@]3(CCc4ccccc43)C2=O)c(C)n1Cc1ccccc1,quinone compounds
Cc1ccc(-n2c(O)c(/C=N/[C@H]3CCS(=O)(=O)C3)c3ccccc3c2=O)cc1,quinone compounds
Cc1ccc2c(c1)N(S(=O)(=O)c1cccc3c1C(=O)c1ccccc1C3=O)CCC2,quinone compounds
Cc1ccc2c(c1NCCc1ccccc1)C(=O)c1ccccc1C2=O,quinone compounds
CCc1ccccc1NC1=C(Cl)C(=O)C(Nc2ccccc2CC)=C(Cl)C1=O,quinone compounds
CN1CCN(c2cccc3c2C(=O)c2ccccc2C3=O)CC1,quinone compounds
CC1=C(Cl)C(=O)C(C(C)C)=C/C1=N\OC(=O)c1ccc([N+](=O)[O-])cc1,quinone compounds
CC1=C/C(=N\OC(=O)/C=C/c2ccccc2)C(C)=CC1=O,quinone compounds
CC1=C/C(=N\OC(=O)c2ccc(Cl)cc2)C=CC1=O,quinone compounds
COc1ccccc1C(=O)O/N=C1\C=C(C(C)C)C(=O)C=C1C,quinone compounds
CC1=CC(=O)C(C(C)C)=C/C1=N\OC(=O)c1ccccc1F,quinone compounds
CC1=CC(=O)C(C(C)C)=C/C1=N\OC(=O)c1cccc(F)c1,quinone compounds
COc1ccc(Cl)cc1C(=O)O/N=C1/C=C(C(C)C)C(=O)C=C1C,quinone compounds
O=C1c2ccccc2C(=O)c2c1cccc2-c1cc(/C=C2/SC(=S)N(c3ccccc3)C2=O)co1,quinone compounds
COc1ccccc1/C=C/c1ccc2c(c1)C(=O)c1ccccc1C2=O,quinone compounds
CCCN1CC(=O)N2[C@@H](Cc3c([nH]c4ccccc34)[C@@H]2C)C1=O,quinone compounds
CC1CCN(S(=O)(=O)c2ccc3c(c2)C(=O)c2ccccc2C3=O)CC1,quinone compounds
CN1CC(=O)N2[C@H](c3ccc4occc4c3)c3[nH]c4ccccc4c3C[C@@H]2C1=O,quinone compounds
CC(C)N1CC(=O)N2[C@H](c3ccc4occc4c3)c3[nH]c4ccccc4c3C[C@@H]2C1=O,quinone compounds
CN1CC(=O)N2[C@H](c3ccc4c(c3)CCO4)c3[nH]c4ccccc4c3C[C@@H]2C1=O,quinone compounds
CC1=C(C)C(=O)C(CC[C@@](C)(O)COc2ccc(C[C@@H]3SC(=O)NC3=O)cc2)=C(C)C1=O,quinone compounds
CC(C)C1=C(O)C2=C(C(=O)C1=O)[C@@]1(C)CCCC(C)(C)C1=C(O)C2=O,quinone compounds
O=c1[nH]c2ccc(OCc3ccccc3)cc2oc1=O,quinone compounds
CCCCC1=C(OC)C(=O)C=C(Cc2ccccc2)C1=O,quinone compounds
O=C1[C@H]2Cc3c([nH]c4ccccc34)[C@@H](c3ccc4c(c3)OCO4)N2C(=O)CN1CCOCCO,quinone compounds
CN1CCN(CCN2CC(=O)N3[C@H](c4ccc5c(c4)OCO5)c4[nH]c5ccccc5c4C[C@@H]3C2=O)CC1,quinone compounds
CN1CC(=O)N2[C@H](c3ccc4c(c3)OCO4)c3c(c4ccccc4n3Cc3ccccc3)C[C@H]2C1=O,quinone compounds
O=C1[C@H]2Cc3c([nH]c4ccccc34)[C@@H](c3ccc4c(c3)OCO4)N2C(=O)CN1CCCN1CCOCC1,quinone compounds
Cc1nccn1CCN1CC(=O)N2[C@H](c3ccc4c(c3)OCO4)c3[nH]c4ccccc4c3C[C@@H]2C1=O,quinone compounds
CN1CCN(C(=O)C[C@@H]2NC(=O)[C@H]3Cc4c([nH]c5ccccc45)[C@@H](c4ccc5c(c4)OCO5)N3C2=O)CC1,quinone compounds
NCCCC[C@@H]1NC(=O)[C@H]2Cc3c([nH]c4ccccc34)[C@@H](c3ccc4c(c3)OCO4)N2C1=O,quinone compounds
COc1cc2c(cc1OC)C1=C(CC2)C(=O)C(=O)N1C,quinone compounds
C/C=C1\COCC2=C1C(=O)C(OC)=C(OC)C2=O,quinone compounds
CCCn1c(C)c2c(c1C)C(=O)C(C)=C(C)C2=O,quinone compounds
O=c1c2cc3c(=O)c4cccc5cccc(c3cc2c2cccc3cccc1c32)c54,quinone compounds
COc1cc2c3c(oc2c2cc(C)cc(O)c12)C(=O)c1c(O)cc(C)cc1C3=O,quinone compounds
COCCOc1cc2ncnc(NC3=CC(=O)C(Oc4ccccc4C)=CC3=O)c2cc1OC,quinone compounds
COc1cc2ncnc(NC3=CC(=O)C(C)=CC3=O)c2cc1OC,quinone compounds
CCNc1cccc(OC2=CC(=O)C(Nc3ncnc4cc(OCCOC)c(OC)cc34)=CC2=O)c1,quinone compounds
CCOC1=CC(=O)C(Nc2ncnc3cc(OCCOC)c(OC)cc23)=CC1=O,quinone compounds
COc1cc2ncnc(NC3=CC(=O)C(N(C)c4ccccc4)=CC3=O)c2cc1OC,quinone compounds
COCCOc1cc2ncnc(NC3=CC(=O)C(OC(CF)CF)=C(Cl)C3=O)c2cc1OC,quinone compounds
COCCOc1cc2ncnc(NC3=C(Sc4ccccc4)C(=O)C=C(OC)C3=O)c2cc1OC,quinone compounds
CC(C)C1=CC2=C(C[C@@]3(O)CCCC(C)(C)[C@H]3CC2)C(=O)C1=O,quinone compounds
COc1cc2c(NC3=CC(=O)C(Cl)=CC3=O)ncnc2cc1OCC1CCN(C)CC1,quinone compounds
COC1=CC(=O)C(Nc2ncnc3cc(OCCCN4CCCC4)c(OC)cc23)=CC1=O,quinone compounds
COCCOc1cc2ncnc(NC3=CC(=O)C=CC3=O)c2cc1OC,quinone compounds
COc1cc2ncnc(NC3=CC(=O)C(Oc4ccc(Cl)cc4)=CC3=O)c2cc1OC,quinone compounds
CCC(=O)NC1=C(Cl)C(=O)c2cccnc2C1=O,quinone compounds
O=C1C=C(N2CCCC2)C(=O)c2cnccc21,quinone compounds
O=C1c2ccccc2C(=O)c2nccnc21,quinone compounds
CNc1c2c(c(Oc3ccccc3)c3ccccc13)C(=O)c1ccccc1C2=O,quinone compounds
C=CCCCC1=CC(=O)C(=O)C=C1O,quinone compounds
O=C1c2ccccc2C(=O)c2c1c(Cl)c1ccccc1c2Oc1ccccc1,quinone compounds
CN(C)c1cc(O)c2c(c1O)C(=O)c1ccccc1C2=O,quinone compounds
O=C1C(Cl)=C(NC2CCCCC2)C(=O)C(Cl)=C1NC1CCCCC1,quinone compounds
COC1=CC(=O)C(C#Cc2ccccc2)=CC1=O,quinone compounds
CN1C(=O)C[C@@H]2c3[nH]c4ccccc4c3CCN2C1=O,quinone compounds
C=C/C=C\CC1=C(C)C(=O)C=C(C)C1=O,quinone compounds
CC1=NC[C@H]2C(=O)N(C)C(=O)[C@@H]12,quinone compounds
CC1(C)CC(=O)c2c(c3ccccc3oc2=O)S1,quinone compounds
O=c1c2[nH]c3ccccc3sc=2c(=O)n1-c1ccccc1,quinone compounds
Cc1ccc2c(n1)NC(=O)[C@](c1ccccc1)([N+](=O)[O-])C2=O,quinone compounds
O=C1c2ccccc2C(=O)c2oc(-c3ccc([N+](=O)[O-])cc3)cc21,quinone compounds
COC1=C2c3ccccc3C(=O)C[C@@H]2CC1=O,quinone compounds
COC1=CC(=O)C(=O)C=C1NCc1ccccc1,quinone compounds
Cc1cc(=O)c2ccccc2c(=O)n1C(C)C,quinone compounds
O=C1C=C/C(=N\c2c(Cl)cccc2Cl)C(CC(=O)O)=C1,quinone compounds
Nc1c2c(c(Nc3ccccc3)c3ccccc13)C(=O)c1ccccc1C2=O,quinone compounds
CCN1C(=O)[C@H]2Cc3c([nH]c4ccccc34)CN2C1=O,quinone compounds
O=C1c2ccccc2C(=O)c2c1ccc(C(=O)N1CCN(CCO)CC1)c2NCCO,quinone compounds
Cc1ccc(Nc2c([N+](=O)[O-])ccc3c2C(=O)c2ccccc2C3=O)cc1,quinone compounds
O=C1c2ccccc2C(=O)c2c1ccc(C(=O)N1CCCC1)c2NCCO,quinone compounds
Cn1cc(O)c2c1=CC(=O)C(=O)C=2,quinone compounds
CCc1cccc2c(C(=O)CN3C(=O)N[C@@]4(CCc5ccccc54)C3=O)c[nH]c12,quinone compounds
CN1CC(=O)N2[C@H](c3cccc([N+](=O)[O-])c3)c3[nH]c4ccccc4c3C[C@H]2C1=O,quinone compounds
O=C1[C@@H]2Cc3c([nH]c4ccccc34)[C@@H](c3ccc([N+](=O)[O-])cc3)N2C(=O)CN1C1CC1,quinone compounds
COCCCNc1nc(=O)n(-c2ccc(C)cc2)c(=O)[nH]1,quinone compounds
COc1cccc(Cc2nc(N3C(=O)c4ccccc4C3=O)n[nH]2)c1,quinone compounds
O=C1C(Cl)=C(N2CCN(Cc3ccc4c(c3)OCO4)CC2)C(=O)N1c1ccc([N+](=O)[O-])cc1,quinone compounds
C[C@H]1Cc2ccccc2N1C(=O)c1ccc2c(c1)C(=O)c1ccccc1C2=O,quinone compounds
O=C1NC(=S)S/C1=C/c1ccc(-c2ccc3c(c2)C(=O)c2ccccc2C3=O)o1,quinone compounds
O=c1c(Br)c2oc3c(Br)c(Br)c(Br)c(Br)c3oc-2c(Br)c1=O,quinone compounds
O=C1[C@H]2Cc3c([nH]c4ccccc34)[C@@H](c3ccc4c(c3)OCO4)N2C(=O)CN1Cc1ccc2c(c1)OCO2,quinone compounds
COc1ccc([C@H]2c3[nH]c4ccccc4c3C[C@H]3C(=O)N(C)CC(=O)N23)cc1,quinone compounds
CCOc1c(C)cnc2c1c(=O)n(Cc1ccc(Cl)cc1)c(=O)n2C,quinone compounds
CN1CC(=O)N2[C@H](c3ccc(OCc4ccccc4)c(OCc4ccccc4)c3)c3[nH]c4ccccc4c3C[C@@H]2C1=O,quinone compounds
CN1CC(=O)N2[C@H](c3ccc4c(c3)CCN4)c3[nH]c4ccccc4c3C[C@@H]2C1=O,quinone compounds
COC1=Cc2c3cc(OC)c(OC)cc3c3c4c(c5cc(OC)c(OC)cc5c(c24)C1=O)C=C(OC)C3=O,quinone compounds
O=C1C=CC(=O)C(OO)=C1,quinone compounds
O=C1C=C(O)C(C2CCCCC2)=CC1=O,quinone compounds
O=C1C=CC(=O)C(c2ccc(S(=O)(=O)O)cc2)=C1,quinone compounds
Cc1cc(=O)[nH]c2c1C(=O)C(=O)C=C2N1CCOCC1,quinone compounds
COc1ccc2[nH]c3c(c2c1)C[C@@]1(C)C(=O)N(CCNCCO)C(=O)N1[C@@H]3c1ccccc1,quinone compounds
COc1ccc2[nH]c3c(c2c1)C[C@@]1(C)C(=O)N(CCN2CCCCC2)C(=O)N1[C@@H]3c1ccccc1,quinone compounds
COc1ccc2[nH]c3c(c2c1)C[C@@]1(C)C(=O)N(CCN2CCCCCC2)C(=O)N1[C@@H]3c1ccccc1,quinone compounds
CCN(C)CCCN1C(=O)N2[C@H](c3ccccc3)c3[nH]c4ccc(OC)cc4c3C[C@@]2(C)C1=O,quinone compounds
COc1ccc2[nH]c3c(c2c1)C[C@@]1(C)C(=O)N(CCCN(C)C(C)C)C(=O)N1[C@@H]3c1ccccc1,quinone compounds
COc1ccc2[nH]c3c(c2c1)C[C@@]1(C)C(=O)N(CCCN2CC=CC2)C(=O)N1[C@@H]3c1ccccc1,quinone compounds
COCCNCCCN1C(=O)N2[C@H](c3ccccc3)c3[nH]c4ccc(OC)cc4c3C[C@@]2(C)C1=O,quinone compounds
CCNCCN1C(=O)N2[C@H](c3ccccc3)c3[nH]c4ccc(OCC)cc4c3C[C@@]2(C)C1=O,quinone compounds
CC[C@@]12Cc3c([nH]c4ccc(OC)cc34)[C@@H](c3ccccc3)N1C(=O)N(CCN(C)C)C2=O,quinone compounds
COc1ccc2[nH]c3c(c2c1)C[C@@]1(C)C(=O)N(CCNC(C)C)C(=O)N1[C@@H]3c1ccccc1,quinone compounds
CCOc1ccc2[nH]c3c(c2c1)C[C@@]1(C)C(=O)N(CCCCl)C(=O)N1[C@@H]3c1ccccc1,quinone compounds
COc1ccc2[nH]c3c(c2c1)C[C@@]1(C)C(=O)N(CCNC(C)(C)C)C(=O)N1[C@@H]3c1ccccc1,quinone compounds
COc1ccc2[nH]c3c(c2c1)C[C@@]1(C)C(=O)N(CCCNCC(F)F)C(=O)N1[C@@H]3c1ccccc1,quinone compounds
CCN(CCO)CCCN1C(=O)N2[C@H](c3ccccc3)c3[nH]c4ccc(OC)cc4c3C[C@@]2(C)C1=O,quinone compounds
COc1ccc2[nH]c3c(c2c1)C[C@@]1(C)C(=O)N(CCCN2CCOCC2)C(=O)N1[C@@H]3c1ccccc1,quinone compounds
COc1ccc2[nH]c3c(c2c1)C[C@@]1(C)C(=O)N(CCCN2CCC(C)CC2)C(=O)N1[C@@H]3c1ccccc1,quinone compounds
CNCCCN1C(=O)N2[C@H](c3ccccc3)c3[nH]c4ccc(OC)cc4c3C[C@@]2(C)C1=O,quinone compounds
COc1ccc2[nH]c3c(c2c1)C[C@@]1(C)C(=O)N(CCN2CCCC2)C(=O)N1[C@@H]3c1ccccc1,quinone compounds
COc1ccc2[nH]c3c(c2c1)C[C@@]1(C)C(=O)N(CCN2CCC2)C(=O)N1[C@@H]3c1ccccc1,quinone compounds
COc1ccc2[nH]c3c(c2c1)C[C@@]1(C)C(=O)N(CCCN)C(=O)N1[C@@H]3c1ccccc1,quinone compounds
C[C@@]12Cc3c([nH]c4ccc(Cl)cc34)[C@@H](c3ccccc3)N1C(=O)N(CCBr)C2=O,quinone compounds
C#CCNCCN1C(=O)N2[C@H](c3ccccc3)c3[nH]c4ccc(OC)cc4c3C[C@@]2(C)C1=O,quinone compounds
CC[C@@]12Cc3c([nH]c4ccc(OC)cc34)[C@@H](c3ccccc3)N1C(=O)N(CCN1CCCC1)C2=O,quinone compounds
COc1ccc2[nH]c3c(c2c1)C[C@@]1(C)C(=O)N(CCN2CC=CC2)C(=O)N1[C@@H]3c1ccccc1,quinone compounds
C#CCN(C)CCN1C(=O)N2[C@H](c3ccccc3)c3[nH]c4ccc(OC)cc4c3C[C@@]2(C)C1=O,quinone compounds
CN(C)CCN1C(=O)N2[C@H](c3cccc(O)c3)c3[nH]c4ccc(Br)cc4c3C[C@@]2(C)C1=O,quinone compounds
CC1CCN(CCCN2C(=O)N3[C@H](c4cccc(O)c4)c4[nH]c5ccc(Br)cc5c4C[C@@]3(C)C2=O)CC1,quinone compounds
C[C@@]12Cc3c([nH]c4cc(F)c(Cl)cc34)[C@@H](c3cccc(O)c3)N1C(=O)N(CCCNC1CCC1)C2=O,quinone compounds
C#CCNCCCN1C(=O)N2[C@H](c3cccc(O)c3)c3[nH]c4cc(F)c(Cl)cc4c3C[C@@]2(C)C1=O,quinone compounds
CN(CCO)CCCN1C(=O)N2[C@H](c3cccc(O)c3)c3[nH]c4ccc(OC(F)F)cc4c3C[C@@]2(C)C1=O,quinone compounds
COc1ccc2[nH]c3c(c2c1F)C[C@@]1(C)C(=O)N(CCCN2CCCCCC2)C(=O)N1[C@@H]3c1cccc(O)c1,quinone compounds
CN1C(=O)N2[C@H](c3cccc(O)c3)c3[nH]c4ccc(OCC5CC5)cc4c3C[C@@]2(C)C1=O,quinone compounds
C[C@@]12Cc3c([nH]c4ccc(Cl)cc34)[C@@H](c3cccc(O)c3)N1C(=O)N(CCBr)C2=O,quinone compounds
CCNCCCN1C(=O)N2[C@H](c3cccc(O)c3)c3[nH]c4cc(F)c(Cl)cc4c3C[C@@]2(C)C1=O,quinone compounds
C[C@@]12Cc3c([nH]c4cc(F)c(Cl)cc34)[C@@H](c3cccc(O)c3)N1C(=O)N(CCCN1CCOCC1)C2=O,quinone compounds
CC(C)N(C)CCN1C(=O)N2[C@H](c3cccc(O)c3)c3[nH]c4ccc(Br)cc4c3C[C@@]2(C)C1=O,quinone compounds
C[C@@H]1CC(=O)C2=CC(=O)CC[C@]2(C)[C@H]1C,quinone compounds
COc1cccc2c1C(=O)NC(=O)C2,quinone compounds
Cc1cc(=O)oc2c1C(=O)CC(C)(C)O2,quinone compounds
CC(C)(C)C1=CC(=O)C(N)=C(Cl)C1=O,quinone compounds
O=C1CCCCCNC(=O)c2ccccc2S1,quinone compounds
CCCN1CC(=O)N2[C@H](c3ccccc3)c3[nH]c4ccc(OC)cc4c3C[C@H]2C1=O,quinone compounds
C[C@@]12Cc3c([nH]c4ccc(Cl)cc34)[C@@H](c3cccc(O)c3)N1C(=O)CN(CCN1CCCCCC1)C2=O,quinone compounds
COc1ccc2[nH]c3c(c2c1)C[C@@]1(C)C(=O)N(CCN2CC=CC2)CC(=O)N1[C@@H]3c1cccc(O)c1,quinone compounds
CC1CCN(CCN2CC(=O)N3[C@H](c4cccc(O)c4)c4[nH]c5ccc(Cl)cc5c4C[C@@]3(C)C2=O)CC1,quinone compounds
COc1ccc2[nH]c3c(c2c1)C[C@@]1(C)C(=O)N(CCN2CCCCC2)CC(=O)N1[C@@H]3c1cccc(O)c1,quinone compounds
COc1ccc2[nH]c3c(c2c1)C[C@@]1(C)C(=O)N(CCCNC(C)C)CC(=O)N1[C@@H]3c1cccc(O)c1,quinone compounds
C#CCN(C)CCN1CC(=O)N2[C@H](c3cccc(O)c3)c3[nH]c4ccc(OC)cc4c3C[C@@]2(C)C1=O,quinone compounds
CCN(CC)CCN1CC(=O)N2[C@H](c3cccc(O)c3)c3[nH]c4ccc(OC)cc4c3C[C@@]2(C)C1=O,quinone compounds
COc1ccc2[nH]c3c(c2c1)C[C@@]1(C)C(=O)N(CCCNC2CCC2)CC(=O)N1[C@@H]3c1cccc(O)c1,quinone compounds
Cc1ccc2c3c([nH]c2c1)[C@@H](c1cccc(O)c1)N1C(=O)N(CCN(C)C)C(=O)[C@@H]1C3,quinone compounds
Cc1ccc2[nH]c3c(c2c1)C[C@H]1C(=O)N(CCCN(C)C)C(=O)N1[C@@H]3c1cccc(O)c1,quinone compounds
COc1ccc2[nH]c3c(c2c1)C[C@H]1C(=O)N(C)C(=O)N1[C@@H]3c1cccc(O)c1,quinone compounds
CN(C)CCN1C(=O)[C@@H]2Cc3c([nH]c4cc(F)ccc34)[C@@H](c3cccc(O)c3)N2C1=O,quinone compounds
Cc1ccc2[nH]c3c(c2c1)C[C@H]1C(=O)N(C)C(=O)N1[C@@H]3c1cccc(O)c1,quinone compounds
Cc1ccc2[nH]c3c(c2c1)C[C@H]1C(=O)N(CCN(C)C)C(=O)N1[C@@H]3c1cccc(O)c1,quinone compounds
Cc1cccc2[nH]c3c(c12)C[C@H]1C(=O)N(CCN(C)C)C(=O)N1[C@@H]3c1cccc(O)c1,quinone compounds
CN(C)CCCN1C(=O)[C@@H]2Cc3c([nH]c4cc(F)ccc34)[C@@H](c3cccc(O)c3)N2C1=O,quinone compounds
CN(C)CCCN1C(=O)[C@@H]2Cc3c([nH]c4ccc(Br)cc34)[C@@H](c3cccc(O)c3)N2C1=O,quinone compounds
CCCCOc1ccc(C(=O)O/N=C2/C=C(C(C)C)C(=O)C=C2C)cc1,quinone compounds
Cc1c(C(=O)[C@@H]2C(=O)C(=O)N(CCN3CCOCC3)[C@H]2c2ccccn2)cnn1-c1ccccc1,quinone compounds
O=C1c2ccccc2C(=O)c2c1cccc2-c1ccc(/C=c2\sc3nc4ccccc4n3c2=O)o1,quinone compounds
CCCO[C@@H]1CCCN(c2cccc3c2C(=O)c2ccccc2C3=O)C1,quinone compounds
O=C1C=CC(=NOC(=O)/C=C\c2ccccc2)C=C1,quinone compounds
O=C1NC[C@@H](Cc2ccc(O)cc2)N(CCc2cc(C(F)(F)F)cc(C(F)(F)F)c2)C1=O,quinone compounds
C[C@]12CC[C@@H]3C4=C(CC[C@@H]3[C@H]1CCC2=O)C(=O)C(=O)C=C4,quinone compounds
C[C@]12CC[C@H]3C4=CC(=O)C(=O)C=C4CC[C@@H]3[C@H]1CCC2=O,quinone compounds
O=C1[C@H]2Cc3c([nH]c4ccccc34)[C@@H](c3ccc4c(c3)OCO4)N2C(=O)CN1CC1CCCCC1,quinone compounds
O=NC(=O)Cc1c[nH]c2ccccc12,quinone compounds
O=C1[C@H]2Cc3c([nH]c4ccccc34)[C@H](c3ccc4nsnc4c3)N2C(=O)CN1[C@@H]1CCN(Cc2ccccc2)C1,quinone compounds
CN(C)CCCN1C(=O)N2[C@H](c3cccc(O)c3)c3[nH]c4cc(F)c(Cl)cc4c3C[C@@]2(C)C1=O,quinone compounds
COc1ccc2[nH]c3c(c2c1F)C[C@@]1(C)C(=O)N(CCN2CC=CC2)C(=O)N1[C@@H]3c1cccc(O)c1,quinone compounds
C[C@@]12Cc3c([nH]c4cc(F)c(Cl)cc34)[C@@H](c3cccc(O)c3)N1C(=O)N(CCNCCO)C2=O,quinone compounds
CCN(CCOC)CCN1C(=O)N2[C@H](c3cccc(O)c3)c3[nH]c4ccc(OC)cc4c3C[C@@]2(C)C1=O,quinone compounds
C[C@@]12Cc3c([nH]c4ccc(Br)cc34)[C@@H](c3cccc(O)c3)N1C(=O)N(CCN1CC=CCC1)C2=O,quinone compounds
COc1ccc2[nH]c3c(c2c1F)C[C@@]1(C)C(=O)N(CCN2CCCCCC2)C(=O)N1[C@@H]3c1cccc(O)c1,quinone compounds
CCN(CCO)CCN1C(=O)N2[C@H](c3cccc(O)c3)c3[nH]c4ccc(OC)cc4c3C[C@@]2(C)C1=O,quinone compounds
C[C@@]12Cc3c([nH]c4ccc(OC(F)F)cc34)[C@@H](c3cccc(O)c3)N1C(=O)N(CCCN1CCCCC1)C2=O,quinone compounds
C#CCN(C)CCN1C(=O)N2[C@H](c3cccc(O)c3)c3[nH]c4cc(F)c(OC)cc4c3C[C@@]2(C)C1=O,quinone compounds
CC(=O)N1CCN(CCN2C(=O)N3[C@H](c4cccc(O)c4)c4[nH]c5cc(F)c(Cl)cc5c4C[C@@]3(C)C2=O)CC1,quinone compounds
CCN(CCOC)CCN1C(=O)N2[C@H](c3cccc(O)c3)c3[nH]c4cc(F)c(Cl)cc4c3C[C@@]2(C)C1=O,quinone compounds
C#CCN(C)CCCN1C(=O)N2[C@H](c3cccc(O)c3)c3[nH]c4ccc(OC)cc4c3C[C@@]2(C)C1=O,quinone compounds
COc1cc2c3c([nH]c2cc1F)[C@@H](c1cccc(O)c1)N1C(=O)N(CCN2CCOCC2)C(=O)[C@]1(C)C3,quinone compounds
C[C@@]12Cc3c([nH]c4ccc(Cl)cc34)[C@@H](c3cccc(O)c3)N1C(=O)N(CCCN1CCCCC1)C2=O,quinone compounds
COCCNCCCN1C(=O)N2[C@H](c3cccc(O)c3)c3[nH]c4ccc(OC(F)F)cc4c3C[C@@]2(C)C1=O,quinone compounds
COc1ccc2[nH]c3c(c2c1)C[C@@]1(C)C(=O)N(CCCN2CCC(C)CC2)C(=O)N1[C@@H]3c1cccc(O)c1,quinone compounds
CN1CCN(CCN2C(=O)N3[C@H](c4cccc(O)c4)c4[nH]c5ccc(Br)cc5c4C[C@@]3(C)C2=O)CC1,quinone compounds
COc1ccc2[nH]c3c(c2c1)C[C@@]1(C)C(=O)N(CCNC2CC2)C(=O)N1[C@@H]3c1cccc(O)c1,quinone compounds
C[C@@]12Cc3c([nH]c4ccc(Cl)cc34)[C@@H](c3cccc(O)c3)N1C(=O)N(CCNCCO)C2=O,quinone compounds
C#CCN(C)CCN1C(=O)N2[C@H](c3cccc(O)c3)c3[nH]c4ccc(OC)cc4c3C[C@@]2(C)C1=O,quinone compounds
C[C@@]12Cc3c([nH]c4cc(F)c(Cl)cc34)[C@@H](c3cccc(O)c3)N1C(=O)N(CCN1CCCC1)C2=O,quinone compounds
CC(C)CNCCCN1C(=O)N2[C@H](c3cccc(O)c3)c3[nH]c4ccc(Br)cc4c3C[C@@]2(C)C1=O,quinone compounds
CNCCN1C(=O)N2[C@H](c3cccc(O)c3)c3[nH]c4cc(F)c(Cl)cc4c3C[C@@]2(C)C1=O,quinone compounds
C[C@@]12Cc3c([nH]c4ccc(Br)cc34)[C@@H](c3cccc(O)c3)N1C(=O)N(CCCNCCO)C2=O,quinone compounds
COc1ccc2[nH]c3c(c2c1F)C[C@@]1(C)C(=O)N(CCN2CC=CCC2)C(=O)N1[C@@H]3c1cccc(O)c1,quinone compounds
CCN(C)CCCN1C(=O)N2[C@H](c3cccc(O)c3)c3[nH]c4ccc(Cl)cc4c3C[C@@]2(C)C1=O,quinone compounds
CCN(C)CCCN1C(=O)N2[C@H](c3cccc(O)c3)c3[nH]c4ccc(OC)cc4c3C[C@@]2(C)C1=O,quinone compounds
COCCNCCN1C(=O)N2[C@H](c3cccc(O)c3)c3[nH]c4ccc(OC(F)F)cc4c3C[C@@]2(C)C1=O,quinone compounds
CCOc1ccc2[nH]c3c(c2c1)C[C@@]1(C)C(=O)N(CCNCC2CC2)C(=O)N1[C@@H]3c1cccc(O)c1,quinone compounds
COc1ccc2[nH]c3c(c2c1F)C[C@@]1(C)C(=O)N(CCNCC2CC2)C(=O)N1[C@@H]3c1cccc(O)c1,quinone compounds
COc1ccc2[nH]c3c(c2c1)C[C@@]1(C)C(=O)N(CCNCCO)C(=O)N1[C@@H]3c1cccc(O)c1,quinone compounds
CCOc1ccc2[nH]c3c(c2c1)C[C@@]1(C)C(=O)N(CCN(C)C(C)C)C(=O)N1[C@@H]3c1cccc(O)c1,quinone compounds
C[C@@]12Cc3c([nH]c4ccc(OC(F)F)cc34)[C@@H](c3cccc(O)c3)N1C(=O)N(CCN1CCCC1)C2=O,quinone compounds
COc1ccc2[nH]c3c(c2c1F)C[C@@]1(C)C(=O)N(CCCN2CCCCC2)C(=O)N1[C@@H]3c1cccc(O)c1,quinone compounds
COc1ccc2[nH]c3c(c2c1F)C[C@@]1(C)C(=O)N(CCNC(C)C)C(=O)N1[C@@H]3c1cccc(O)c1,quinone compounds
CCN(CCCN1C(=O)N2[C@H](c3cccc(O)c3)c3[nH]c4ccc(Br)cc4c3C[C@@]2(C)C1=O)CCOC,quinone compounds
CCNCCN1C(=O)N2[C@H](c3cccc(O)c3)c3[nH]c4cc(F)c(Cl)cc4c3C[C@@]2(C)C1=O,quinone compounds
COc1ccc2[nH]c3c(c2c1F)C[C@@]1(C)C(=O)N(CCCN2CCN(C)CC2)C(=O)N1[C@@H]3c1cccc(O)c1,quinone compounds
COc1cc2c3c([nH]c2cc1F)[C@@H](c1cccc(O)c1)N1C(=O)N(CCCN2CCOCC2)C(=O)[C@]1(C)C3,quinone compounds
CCOc1ccc2[nH]c3c(c2c1)C[C@@]1(C)C(=O)N(CCN(C)CC)C(=O)N1[C@@H]3c1cccc(O)c1,quinone compounds
COc1ccc2[nH]c3c(c2c1)C[C@@]1(C)C(=O)N(CCCN2CCCC2)C(=O)N1[C@@H]3c1cccc(O)c1,quinone compounds
C#CCN(C)CCN1C(=O)N2[C@H](c3cccc(O)c3)c3[nH]c4ccc(OCC)cc4c3C[C@@]2(C)C1=O,quinone compounds
C#CCN(C)CCCN1C(=O)N2[C@H](c3cccc(O)c3)c3[nH]c4cc(F)c(OC)cc4c3C[C@@]2(C)C1=O,quinone compounds
C[C@@]12Cc3c([nH]c4ccc(OC(F)F)cc34)[C@@H](c3cccc(O)c3)N1C(=O)N(CCN1CCOCC1)C2=O,quinone compounds
CC(C)N(C)CCCN1C(=O)N2[C@H](c3cccc(O)c3)c3[nH]c4ccc(OC(F)F)cc4c3C[C@@]2(C)C1=O,quinone compounds
COc1ccc2[nH]c3c(c2c1)C[C@@]1(C)C(=O)N(CCN2CC=CC2)C(=O)N1[C@@H]3c1cccc(O)c1,quinone compounds
COc1cc2c3c([nH]c2cc1F)[C@@H](c1cccc(O)c1)N1C(=O)N(CCN2CCN(C)CC2)C(=O)[C@]1(C)C3,quinone compounds
C#CCN(C)CCCN1C(=O)N2[C@H](c3cccc(O)c3)c3[nH]c4ccc(Cl)cc4c3C[C@@]2(C)C1=O,quinone compounds
COc1ccc2[nH]c3c(c2c1F)C[C@@]1(C)C(=O)N(CCCNC2CCC2)C(=O)N1[C@@H]3c1cccc(O)c1,quinone compounds
CCOc1ccc2[nH]c3c(c2c1)C[C@@]1(C)C(=O)N(CCCN2CCCC2)C(=O)N1[C@@H]3c1cccc(O)c1,quinone compounds
C[C@@]12Cc3c([nH]c4ccc(OC(F)F)cc34)[C@@H](c3cccc(O)c3)N1C(=O)N(CCNCCO)C2=O,quinone compounds
COc1ccc2[nH]c3c(c2c1)C[C@@]1(C)C(=O)N(CCN2CCCCC2)C(=O)N1[C@@H]3c1cccc(O)c1,quinone compounds
COc1ccc2[nH]c3c(c2c1F)C[C@@]1(C)C(=O)N(CCCN2CCCC2)C(=O)N1[C@@H]3c1cccc(O)c1,quinone compounds
C#CCN(C)CCCN1C(=O)N2[C@H](c3cccc(O)c3)c3[nH]c4ccc(OC)c(F)c4c3C[C@@]2(C)C1=O,quinone compounds
C[C@@]12Cc3c([nH]c4ccc(OC(F)F)cc34)[C@@H](c3cccc(O)c3)N1C(=O)N(CCCN1CCOCC1)C2=O,quinone compounds
CC(C)CNCCCN1C(=O)N2[C@H](c3cccc(O)c3)c3[nH]c4ccc(OC(F)F)cc4c3C[C@@]2(C)C1=O,quinone compounds
COCCNCCN1C(=O)N2[C@H](c3cccc(O)c3)c3[nH]c4cc(F)c(Cl)cc4c3C[C@@]2(C)C1=O,quinone compounds
CCN(CC)CCCN1C(=O)N2[C@H](c3cccc(O)c3)c3[nH]c4cc(F)c(OC)cc4c3C[C@@]2(C)C1=O,quinone compounds
CCN(CC)CCN1C(=O)N2[C@H](c3cccc(O)c3)c3[nH]c4cc(F)c(OC)cc4c3C[C@@]2(C)C1=O,quinone compounds
CC(C)(C)NCCCN1C(=O)N2[C@H](c3cccc(O)c3)c3[nH]c4ccc(OC(F)F)cc4c3C[C@@]2(C)C1=O,quinone compounds
COc1ccc2[nH]c3c(c2c1)C[C@@]1(C)C(=O)N(CCCN2CCOCC2)C(=O)N1[C@@H]3c1cccc(O)c1,quinone compounds
CCOc1ccc2[nH]c3c(c2c1)C[C@@]1(C)C(=O)N(CCN2CCC(C)CC2)C(=O)N1[C@@H]3c1cccc(O)c1,quinone compounds
COc1ccc2[nH]c3c(c2c1)C[C@@]1(C)C(=O)N(CCCN(C)C(C)C)C(=O)N1[C@@H]3c1cccc(O)c1,quinone compounds
COc1cc2c3c([nH]c2cc1F)[C@@H](c1cccc(O)c1)N1C(=O)N(CCCN2CCN(C)CC2)C(=O)[C@]1(C)C3,quinone compounds
CCOc1ccc2[nH]c3c(c2c1)C[C@@]1(C)C(=O)N(CCNC(C)(C)C)C(=O)N1[C@@H]3c1cccc(O)c1,quinone compounds
COc1cc2c3c([nH]c2cc1F)[C@@H](c1cccc(O)c1)N1C(=O)N(CCNCC(C)C)C(=O)[C@]1(C)C3,quinone compounds
C[C@@]12Cc3c([nH]c4ccc(Cl)cc34)[C@@H](c3cccc(O)c3)N1C(=O)N(CCCNC1CCC1)C2=O,quinone compounds
COc1ccc2[nH]c3c(c2c1)C[C@@]1(C)C(=O)N(CCN(C)C(C)C)C(=O)N1[C@@H]3c1cccc(O)c1,quinone compounds
CC(C)NCCN1C(=O)N2[C@H](c3cccc(O)c3)c3[nH]c4ccc(Br)cc4c3C[C@@]2(C)C1=O,quinone compounds
CCOc1ccc2[nH]c3c(c2c1)C[C@@]1(C)C(=O)N(CCN(CC)CC)C(=O)N1[C@@H]3c1cccc(O)c1,quinone compounds
CCN(C)CCCN1C(=O)N2[C@H](c3cccc(O)c3)c3[nH]c4ccc(OC)c(F)c4c3C[C@@]2(C)C1=O,quinone compounds
CCNCCN1C(=O)N2[C@H](c3cccc(O)c3)c3[nH]c4ccc(OC(F)F)cc4c3C[C@@]2(C)C1=O,quinone compounds
C[C@@]12Cc3c([nH]c4ccc(Cl)cc34)[C@@H](c3cccc(O)c3)N1C(=O)N(CCCN1CCCCCC1)C2=O,quinone compounds
CCN(CC)CCN1C(=O)N2[C@H](c3cccc(O)c3)c3[nH]c4ccc(OC)cc4c3C[C@@]2(C)C1=O,quinone compounds
CCN(CC)CCN1C(=O)N2[C@H](c3cccc(O)c3)c3[nH]c4ccc(OC(F)F)cc4c3C[C@@]2(C)C1=O,quinone compounds
CNCCN1C(=O)N2[C@H](c3cccc(O)c3)c3[nH]c4ccc(Br)cc4c3C[C@@]2(C)C1=O,quinone compounds
CC(C)CNCCN1C(=O)N2[C@H](c3cccc(O)c3)c3[nH]c4ccc(OC(F)F)cc4c3C[C@@]2(C)C1=O,quinone compounds
C[C@@]12Cc3c([nH]c4ccc(Cl)cc34)[C@@H](c3cccc(O)c3)N1C(=O)N(CCNCC(F)F)C2=O,quinone compounds
C[C@@]12Cc3c([nH]c4ccc(Cl)cc34)[C@@H](c3cccc(O)c3)N1C(=O)N(CCCNCC1CC1)C2=O,quinone compounds
C[C@@]12Cc3c([nH]c4ccc(OC(F)F)cc34)[C@@H](c3cccc(O)c3)N1C(=O)N(CCCNCC1CC1)C2=O,quinone compounds
CCN(CCO)CCCN1C(=O)N2[C@H](c3cccc(O)c3)c3[nH]c4cc(F)c(Cl)cc4c3C[C@@]2(C)C1=O,quinone compounds
C#CCN(C)CCN1C(=O)N2[C@H](c3cccc(O)c3)c3[nH]c4cc(F)c(Cl)cc4c3C[C@@]2(C)C1=O,quinone compounds
CCOc1ccc2[nH]c3c(c2c1)C[C@@]1(C)C(=O)N(CCCN(CC)CCOC)C(=O)N1[C@@H]3c1cccc(O)c1,quinone compounds
C[C@@]12Cc3c([nH]c4ccc(Cl)cc34)[C@@H](c3cccc(O)c3)N1C(=O)N(CCCN1CCCC1)C2=O,quinone compounds
COc1cc2c3c([nH]c2cc1F)[C@@H](c1cccc(O)c1)N1C(=O)N(CCCNC(C)(C)C)C(=O)[C@]1(C)C3,quinone compounds
COCCNCCCN1C(=O)N2[C@H](c3cccc(O)c3)c3[nH]c4ccc(Br)cc4c3C[C@@]2(C)C1=O,quinone compounds
COc1cc2c3c([nH]c2cc1F)[C@@H](c1cccc(O)c1)N1C(=O)N(CCCN(C)C(C)C)C(=O)[C@]1(C)C3,quinone compounds
CCN(CCO)CCN1C(=O)N2[C@H](c3cccc(O)c3)c3[nH]c4ccc(Br)cc4c3C[C@@]2(C)C1=O,quinone compounds
CC(C)(C)NCCN1C(=O)N2[C@H](c3cccc(O)c3)c3[nH]c4cc(F)c(Cl)cc4c3C[C@@]2(C)C1=O,quinone compounds
CC(=O)N1CCN(CCCN2C(=O)N3[C@H](c4cccc(O)c4)c4[nH]c5ccc(Br)cc5c4C[C@@]3(C)C2=O)CC1,quinone compounds
COc1cc2c3c([nH]c2cc1F)[C@@H](c1cccc(O)c1)N1C(=O)N(CCN2CC=CC2)C(=O)[C@]1(C)C3,quinone compounds
CCOc1ccc2[nH]c3c(c2c1)C[C@@]1(C)C(=O)N(CCCN(C)C)C(=O)N1[C@@H]3c1cccc(O)c1,quinone compounds
CCOc1ccc2[nH]c3c(c2c1)C[C@@]1(C)C(=O)N(CCCNC)C(=O)N1[C@@H]3c1cccc(O)c1,quinone compounds
COc1ccc2[nH]c3c(c2c1)C[C@@]1(C)C(=O)N(CCNc2ccnn2C)C(=O)N1[C@@H]3c1cccc(O)c1,quinone compounds
CCN(C)CCCN1C(=O)N2[C@H](c3cccc(O)c3)c3[nH]c4ccc(Br)cc4c3C[C@@]2(C)C1=O,quinone compounds
COc1ccc2[nH]c3c(c2c1F)C[C@@]1(C)C(=O)N(CCCN(C)CCO)C(=O)N1[C@@H]3c1cccc(O)c1,quinone compounds
COc1ccc2[nH]c3c(c2c1)C[C@@]1(C)C(=O)N(CCN2CC=CCC2)C(=O)N1[C@@H]3c1cccc(O)c1,quinone compounds
CCN(CC)CCN1C(=O)N2[C@H](c3cccc(O)c3)c3[nH]c4ccc(Br)cc4c3C[C@@]2(C)C1=O,quinone compounds
COc1ccc2[nH]c3c(c2c1F)C[C@@]1(C)C(=O)N(CCCNC(C)C)C(=O)N1[C@@H]3c1cccc(O)c1,quinone compounds
CCN(CC)CCCN1C(=O)N2[C@H](c3cccc(O)c3)c3[nH]c4ccc(OC)cc4c3C[C@@]2(C)C1=O,quinone compounds
CCOc1ccc2[nH]c3c(c2c1)C[C@@]1(C)C(=O)N(CCCN2CCC2)C(=O)N1[C@@H]3c1cccc(O)c1,quinone compounds
COc1ccc2[nH]c3c(c2c1F)C[C@@]1(C)C(=O)N(CCCNCCO)C(=O)N1[C@@H]3c1cccc(O)c1,quinone compounds
C#CCN(C)CCN1C(=O)N2[C@H](c3cccc(O)c3)c3[nH]c4ccc(OC(F)F)cc4c3C[C@@]2(C)C1=O,quinone compounds
COc1ccc2[nH]c3c(c2c1F)C[C@@]1(C)C(=O)N(CCN2CCCCC2)C(=O)N1[C@@H]3c1cccc(O)c1,quinone compounds
CNCCN1C(=O)N2[C@H](c3cccc(O)c3)c3[nH]c4cc(F)c(OC)cc4c3C[C@@]2(C)C1=O,quinone compounds
C[C@@]12Cc3c([nH]c4ccc(OC(F)F)cc34)[C@@H](c3cccc(O)c3)N1C(=O)N(CCCN1CCCC1)C2=O,quinone compounds
CCN(CCO)CCCN1C(=O)N2[C@H](c3cccc(O)c3)c3[nH]c4ccc(Cl)cc4c3C[C@@]2(C)C1=O,quinone compounds
CCOc1ccc2[nH]c3c(c2c1)C[C@@]1(C)C(=O)N(CCCNC2CC2)C(=O)N1[C@@H]3c1ccccc1,quinone compounds
CCOc1ccc2[nH]c3c(c2c1)C[C@@]1(C)C(=O)N(CCNC2CC2)C(=O)N1[C@@H]3c1ccccc1,quinone compounds
CCOc1ccc2[nH]c3c(c2c1)C[C@@]1(C)C(=O)N(CCCN(CC)CC)C(=O)N1[C@@H]3c1ccccc1,quinone compounds
CCOc1ccc2[nH]c3c(c2c1)C[C@@]1(C)C(=O)N(CCCNC)C(=O)N1[C@@H]3c1ccccc1,quinone compounds
CCOc1ccc2[nH]c3c(c2c1)C[C@@]1(C)C(=O)N(CCN2CCN(C(C)=O)CC2)C(=O)N1[C@@H]3c1ccccc1,quinone compounds
CCOc1ccc2[nH]c3c(c2c1)C[C@@]1(C)C(=O)N(CCCNCC2CC2)C(=O)N1[C@@H]3c1ccccc1,quinone compounds
CCOc1ccc2[nH]c3c(c2c1)C[C@@]1(C)C(=O)N(CCN2CCC2)C(=O)N1[C@@H]3c1ccccc1,quinone compounds
CCOc1ccc2[nH]c3c(c2c1)C[C@@]1(C)C(=O)N(CCN(CC)CCOC)C(=O)N1[C@@H]3c1ccccc1,quinone compounds
CCOc1ccc2[nH]c3c(c2c1)C[C@@]1(C)C(=O)N(CCCNCC(C)C)C(=O)N1[C@@H]3c1ccccc1,quinone compounds
CCOc1ccc2[nH]c3c(c2c1)C[C@@]1(C)C(=O)N(CCCNC2CCC2)C(=O)N1[C@@H]3c1ccccc1,quinone compounds
CCNCCN1C(=O)N2[C@H](c3ccccc3)c3[nH]c4ccc(Cl)cc4c3C[C@@]2(C)C1=O,quinone compounds
CCOc1ccc2[nH]c3c(c2c1)C[C@@]1(C)C(=O)N(CCCN2CCC(C)CC2)C(=O)N1[C@@H]3c1ccccc1,quinone compounds
CCOc1ccc2[nH]c3c(c2c1)C[C@@]1(C)C(=O)N(CCCNC(C)C)C(=O)N1[C@@H]3c1ccccc1,quinone compounds
CCOc1ccc2[nH]c3c(c2c1)C[C@@]1(C)C(=O)N(CCCN2CCN(C)CC2)C(=O)N1[C@@H]3c1ccccc1,quinone compounds
COc1ccc2[nH]c3c(c2c1)C[C@@]1(C)C(=O)N(CCCN2CCCCCC2)C(=O)N1[C@@H]3c1ccccc1,quinone compounds
CCOc1ccc2[nH]c3c(c2c1)C[C@@]1(C)C(=O)N(CCNC(C)(C)C)C(=O)N1[C@@H]3c1ccccc1,quinone compounds
CCOc1ccc2[nH]c3c(c2c1)C[C@@]1(C)C(=O)N(CCCN(C)C)C(=O)N1[C@@H]3c1ccccc1,quinone compounds
C#CCN(C)CCCN1C(=O)N2[C@H](c3ccccc3)c3[nH]c4ccc(OCC)cc4c3C[C@@]2(C)C1=O,quinone compounds
CCOc1ccc2[nH]c3c(c2c1)C[C@@]1(C)C(=O)N(CCN2CC=CCC2)C(=O)N1[C@@H]3c1ccccc1,quinone compounds
C#CCNCCCN1C(=O)N2[C@H](c3ccccc3)c3[nH]c4ccc(OCC)cc4c3C[C@@]2(C)C1=O,quinone compounds
CCOc1ccc2[nH]c3c(c2c1)C[C@@]1(C)C(=O)N(CCN2CCCC2)C(=O)N1[C@@H]3c1ccccc1,quinone compounds
COc1cc([C@@H]2c3[nH]c4ccccc4c3C[C@@H]3C(=O)N(C)CC(=O)N23)ccc1O,quinone compounds
COc1ccc2[nH]c3c(c2c1)CCN1C(=O)NC(=O)[C@H]31,quinone compounds
COc1ccc(CC2=CC(=O)C=CC2=O)cc1,quinone compounds
O=C1[C@H]2Cc3c([nH]c4ccccc34)CN2C(=O)CN1c1ccccc1,quinone compounds
CNCCCN1CC(=O)N2[C@H](c3cccc(O)c3)c3[nH]c4ccc(Cl)cc4c3C[C@@]2(C)C1=O,quinone compounds
C[C@@]12Cc3c([nH]c4ccc(Cl)cc34)[C@@H](c3cccc(O)c3)N1C(=O)CN(CCN1CC=CC1)C2=O,quinone compounds
CC(C)N(CCN1CC(=O)N2[C@@H](c3cccc(O)c3)c3[nH]c4ccc(Cl)cc4c3C[C@@H]2C1=O)C(C)C,quinone compounds
CCN(CC)CCN1CC(=O)N2[C@H](c3cccc(O)c3)c3[nH]c4ccc(Cl)cc4c3C[C@H]2C1=O,quinone compounds
O=C1[C@H]2Cc3c([nH]c4ccc(Cl)cc34)[C@H](c3cccc(O)c3)N2C(=O)CN1CCCN1CCOCC1,quinone compounds
CCN(CC)CCCN1CC(=O)N2[C@@H](c3cccc(O)c3)c3[nH]c4ccc(OC)cc4c3C[C@@H]2C1=O,quinone compounds
O=C1[C@@H]2Cc3c([nH]c4ccccc34)[C@@H](c3cccc(O)c3)N2C(=O)CN1CCN1CCCCC1,quinone compounds
O=C1[C@@H]2Cc3c([nH]c4ccccc34)[C@@H](c3cccc(O)c3)N2C(=O)CN1CCN1CCCC1,quinone compounds
CCN(CC)CCCN1CC(=O)N2[C@@H](c3cccc(O)c3)c3[nH]c4ccc(OC)cc4c3C[C@@]2(C)C1=O,quinone compounds
CN(C)CCN1CC(=O)N2[C@H](c3cccc(O)c3)c3[nH]c4ccccc4c3C[C@H]2C1=O,quinone compounds
COc1ccc2[nH]c3c(c2c1)C[C@]1(C)C(=O)N(CCN2CCCC2)CC(=O)N1[C@@H]3c1cccc(O)c1,quinone compounds
CN1CC(=O)N2[C@H](c3cccc(O)c3)c3[nH]c4ccccc4c3C[C@H]2C1=O,quinone compounds
COc1ccc2[nH]c3c(c2c1)C[C@]1(C)C(=O)N(CCNC(C)C)CC(=O)N1[C@@H]3c1cccc(O)c1,quinone compounds
CC[C@@]12Cc3c([nH]c4ccc(OCCOC)cc34)[C@@H](c3ccccc3)N1C(=O)N(CCCN(C)C)C2=O,quinone compounds
COCCOc1ccc2[nH]c3c(c2c1)C[C@]1(C)C(=O)N(C)C(=O)N1[C@H]3c1ccccc1,quinone compounds
COc1ccc2[nH]c3c(c2c1)C[C@@]1(C)C(=O)N(CCCN(C)C)C(=O)N1[C@@H]3c1ccccc1,quinone compounds
C[C@]12Cc3c([nH]c4ccc(Cl)cc34)[C@H](c3ccccc3)N1C(=O)N(CCn1ccnc1)C2=O,quinone compounds
CN(C)CCCN1C(=O)N2[C@H](c3ccccc3)c3[nH]c4ccc(Cl)cc4c3C[C@@]2(C)C1=O,quinone compounds
CCOc1ccc2[nH]c3c(c2c1)C[C@@]1(CC)C(=O)N(CCN2CCN(C)CC2)C(=O)N1[C@@H]3c1ccccc1,quinone compounds
COCCOc1ccc2[nH]c3c(c2c1)C[C@@]1(C)C(=O)N(CCCN(C)C)C(=O)N1[C@@H]3c1ccccc1,quinone compounds
CCOc1ccc2[nH]c3c(c2c1)C[C@]1(CC)C(=O)N(CCN(C)C)C(=O)N1[C@H]3c1ccccc1,quinone compounds
CCOc1ccc2[nH]c3c(c2c1)C[C@@]1(C)C(=O)N(CCCN(C)C)C(=O)N1[C@@H]3c1ccccc1,quinone compounds
CC[C@@]12Cc3c([nH]c4ccc(Br)cc34)[C@@H](c3ccccc3)N1C(=O)N(CCCN(C)C)C2=O,quinone compounds
CCOc1ccc2[nH]c3c(c2c1)C[C@]1(CC)C(=O)N(C)C(=O)N1[C@H]3c1ccccc1,quinone compounds
CCOc1ccc2[nH]c3c(c2c1)C[C@@]1(CC)C(=O)N(CCCN(C)C)C(=O)N1[C@@H]3c1ccccc1,quinone compounds
CC[C@@]12Cc3c([nH]c4ccc(Cl)cc34)[C@@H](c3ccccc3)N1C(=O)N(CCCN(C)C)C2=O,quinone compounds
CN1CCN(CCN2C(=O)N3[C@@H](c4cccc(O)c4)c4[nH]c5ccc(Cl)cc5c4C[C@@]3(C)C2=O)CC1,quinone compounds
CCN(CCO)CCCN1C(=O)N2[C@H](c3cccc(O)c3)c3[nH]c4ccc(OC)cc4c3C[C@]2(C)C1=O,quinone compounds
CC1CCN(CCN2C(=O)N3[C@@H](c4cccc(O)c4)c4[nH]c5cc(F)c(Cl)cc5c4C[C@@]3(C)C2=O)CC1,quinone compounds
C[C@]12Cc3c([nH]c4cc(F)c(Cl)cc34)[C@@H](c3cccc(O)c3)N1C(=O)N(CCN1CCOCC1)C2=O,quinone compounds
C[C@]12Cc3c([nH]c4ccc(OCC5CC5)cc34)[C@@H](c3cccc(O)c3)N1C(=O)N(CCBr)C2=O,quinone compounds
C[C@]12Cc3c([nH]c4cc(F)c(Cl)cc34)[C@@H](c3cccc(O)c3)N1C(=O)N(CCNCCO)C2=O,quinone compounds
CC[C@]12Cc3c([nH]c4ccc(Br)cc34)[C@H](c3ccccc3)N1C(=O)N(C)C2=O,quinone compounds
CC(C)N(C)CCCN1C(=O)N2[C@H](c3cccc(O)c3)c3[nH]c4ccc(Br)cc4c3C[C@]2(C)C1=O,quinone compounds
C[C@]12Cc3c([nH]c4cc(F)c(Cl)cc34)[C@@H](c3cccc(O)c3)N1C(=O)N(CCCN1CC=CC1)C2=O,quinone compounds
CCN(CCOC)CCN1C(=O)N2[C@H](c3cccc(O)c3)c3[nH]c4ccc(Cl)cc4c3C[C@]2(C)C1=O,quinone compounds
COc1ccc2[nH]c3c(c2c1)C[C@]1(C)C(=O)N(CCCNCC(C)C)C(=O)N1[C@@H]3c1cccc(O)c1,quinone compounds
CC1CCN(CCCN2C(=O)N3[C@@H](c4cccc(O)c4)c4[nH]c5ccc(OC(F)F)cc5c4C[C@@]3(C)C2=O)CC1,quinone compounds
CNCCCN1C(=O)N2[C@H](c3cccc(O)c3)c3[nH]c4cc(F)c(OC)cc4c3C[C@]2(C)C1=O,quinone compounds
CCN(C)CCCN1C(=O)N2[C@@H](c3cccc(O)c3)c3[nH]c4cc(F)c(Cl)cc4c3C[C@@]2(C)C1=O,quinone compounds
COc1ccc2[nH]c3c(c2c1)C[C@]1(C)C(=O)N(CCCNC2CCC2)C(=O)N1[C@@H]3c1cccc(O)c1,quinone compounds
CCOc1ccc2[nH]c3c(c2c1)C[C@]1(C)C(=O)N(CCCN2CCC2)C(=O)N1[C@@H]3c1cccc(O)c1,quinone compounds
C[C@@]12Cc3c([nH]c4ccc(Cl)cc34)[C@@H](c3cccc(O)c3)N1C(=O)N(CCCCl)C2=O,quinone compounds
COc1ccc2[nH]c3c(c2c1)C[C@]1(C)C(=O)N(CCN2CCCCC2)C(=O)N1[C@@H]3c1cccc(O)c1,quinone compounds
C[C@@]12Cc3c([nH]c4ccc(Br)cc34)[C@@H](c3cccc(O)c3)N1C(=O)N(CCBr)C2=O,quinone compounds
COc1ccc2[nH]c3c(c2c1)C[C@]1(C)C(=O)N(CCN(C)C)C(=O)N1[C@H]3c1cccc(O)c1,quinone compounds
CN(CCO)CCN1C(=O)N2[C@H](c3cccc(O)c3)c3[nH]c4cc(F)c(Cl)cc4c3C[C@]2(C)C1=O,quinone compounds
COc1ccc2[nH]c3c(c2c1)C[C@@]1(C)C(=O)N(CCCN(C)CCO)C(=O)N1[C@H]3c1cccc(O)c1,quinone compounds
COc1cc2c3c([nH]c2cc1F)[C@H](c1cccc(O)c1)N1C(=O)N(CCN2CCC(C)CC2)C(=O)[C@]1(C)C3,quinone compounds
CCOc1ccc2[nH]c3c(c2c1)C[C@]1(C)C(=O)N(CCN2CCC2)C(=O)N1[C@@H]3c1cccc(O)c1,quinone compounds
C[C@@]12Cc3c([nH]c4ccc(OC(F)F)cc34)[C@H](c3cccc(O)c3)N1C(=O)N(CCN1CC=CCC1)C2=O,quinone compounds
C[C@@]12Cc3c([nH]c4ccc(OC(F)F)cc34)[C@H](c3cccc(O)c3)N1C(=O)N(CCCN1CCCCC1)C2=O,quinone compounds
COc1ccc2[nH]c3c(c2c1F)C[C@@]1(C)C(=O)N(CCNCC2CC2)C(=O)N1[C@H]3c1cccc(O)c1,quinone compounds
COCCOc1ccc2[nH]c3c(c2c1)C[C@@]1(C)C(=O)N(CCn2ccnc2)C(=O)N1[C@H]3c1cccc(O)c1,quinone compounds
C[C@@]12Cc3c([nH]c4ccc(OC(F)F)cc34)[C@@H](c3cccc(O)c3)N1C(=O)N(CCCCl)C2=O,quinone compounds
C[C@]12Cc3c([nH]c4ccc(Br)cc34)[C@@H](c3cccc(O)c3)N1C(=O)N(CCCNCCO)C2=O,quinone compounds
C[C@]12Cc3c([nH]c4cc(F)c(Cl)cc34)[C@@H](c3cccc(O)c3)N1C(=O)N(CCBr)C2=O,quinone compounds
C[C@@]12Cc3c([nH]c4cc(F)c(Cl)cc34)[C@H](c3cccc(O)c3)N1C(=O)N(CCCN1CCOCC1)C2=O,quinone compounds
C[C@]12Cc3c([nH]c4ccc(Br)cc34)[C@@H](c3cccc(O)c3)N1C(=O)N(CCCN1CCCC1)C2=O,quinone compounds
CN1CCN(CCN2C(=O)N3[C@@H](c4cccc(O)c4)c4[nH]c5cc(F)c(Cl)cc5c4C[C@@]3(C)C2=O)CC1,quinone compounds
CC[C@]12Cc3c([nH]c4ccc(OCCOC)cc34)[C@H](c3ccccc3)N1C(=O)N(C)C2=O,quinone compounds
C[C@]12Cc3c([nH]c4ccc(Cl)cc34)[C@@H](c3cccc(O)c3)N1C(=O)N(CCNCC1CC1)C2=O,quinone compounds
CNCCCN1C(=O)N2[C@H](c3cccc(O)c3)c3[nH]c4ccc(Cl)cc4c3C[C@]2(C)C1=O,quinone compounds
CC(C)(C)NCCN1C(=O)N2[C@H](c3cccc(O)c3)c3[nH]c4ccc(OC(F)F)cc4c3C[C@]2(C)C1=O,quinone compounds
COc1cc2c3c([nH]c2cc1F)[C@@H](c1cccc(O)c1)N1C(=O)N(CCN2CCOCC2)C(=O)[C@@]1(C)C3,quinone compounds
CCOc1ccc2[nH]c3c(c2c1)C[C@@]1(C)C(=O)N(CCCN2CCC(C)CC2)C(=O)N1[C@H]3c1cccc(O)c1,quinone compounds
CCN(CCO)CCCN1C(=O)N2[C@H](c3cccc(O)c3)c3[nH]c4ccc(OC)c(F)c4c3C[C@]2(C)C1=O,quinone compounds
COCCNCCCN1C(=O)N2[C@H](c3cccc(O)c3)c3[nH]c4ccc(OC(F)F)cc4c3C[C@]2(C)C1=O,quinone compounds
COc1ccc2[nH]c3c(c2c1F)C[C@]1(C)C(=O)N(CCCNCC2CC2)C(=O)N1[C@@H]3c1cccc(O)c1,quinone compounds
C[C@@]12Cc3c([nH]c4ccc(Cl)cc34)[C@H](c3cccc(O)c3)N1C(=O)N(CCCN1CCCCCC1)C2=O,quinone compounds
CCOc1ccc2[nH]c3c(c2c1)C[C@@]1(C)C(=O)N(CCCN2CCOCC2)C(=O)N1[C@H]3c1cccc(O)c1,quinone compounds
CCN(CC)CCCN1C(=O)N2[C@H](c3cccc(O)c3)c3[nH]c4ccc(OC)cc4c3C[C@]2(C)C1=O,quinone compounds
CCOc1ccc2[nH]c3c(c2c1)C[C@]1(C)C(=O)N(CCCN(C)C)C(=O)N1[C@@H]3c1cccc(O)c1,quinone compounds
CCOc1ccc2[nH]c3c(c2c1)C[C@]1(C)C(=O)N(CCNCCOC)C(=O)N1[C@@H]3c1cccc(O)c1,quinone compounds
COCCNCCN1C(=O)N2[C@H](c3cccc(O)c3)c3[nH]c4ccc(OC(F)F)cc4c3C[C@]2(C)C1=O,quinone compounds
CCN(CCO)CCN1C(=O)N2[C@H](c3cccc(O)c3)c3[nH]c4cc(F)c(OC)cc4c3C[C@]2(C)C1=O,quinone compounds
C[C@]12Cc3c([nH]c4ccc(Br)cc34)[C@@H](c3cccc(O)c3)N1C(=O)N(CCCNCC1CC1)C2=O,quinone compounds
COc1ccc2[nH]c3c(c2c1)C[C@]1(C)C(=O)N(C)C(=O)N1[C@@H]3c1cccc(O)c1,quinone compounds
C[C@@]12Cc3c([nH]c4cc(F)c(Cl)cc34)[C@H](c3cccc(O)c3)N1C(=O)N(CCN1CC=CCC1)C2=O,quinone compounds
CCN(CCO)CCN1C(=O)N2[C@H](c3cccc(O)c3)c3[nH]c4ccc(Br)cc4c3C[C@]2(C)C1=O,quinone compounds
COc1cc2c3c([nH]c2cc1F)[C@H](c1cccc(O)c1)N1C(=O)N(CCCN2CCCCCC2)C(=O)[C@]1(C)C3,quinone compounds
COc1ccc2[nH]c3c(c2c1F)C[C@@]1(C)C(=O)N(CCN2CCCC2)C(=O)N1[C@H]3c1cccc(O)c1,quinone compounds
COc1ccc2[nH]c3c(c2c1)C[C@]1(C)C(=O)N(CCCN(C)C)C(=O)N1[C@@H]3c1cccc(O)c1,quinone compounds
COc1ccc2[nH]c3c(c2c1)C[C@]1(C)C(=O)N(CCCn2ccnc2)C(=O)N1[C@@H]3c1cccc(O)c1,quinone compounds
COCCNCCCN1C(=O)N2[C@H](c3cccc(O)c3)c3[nH]c4cc(F)c(Cl)cc4c3C[C@]2(C)C1=O,quinone compounds
CC[C@@]12Cc3c([nH]c4ccc(OC)cc34)[C@@H](c3ccccc3)N1C(=O)N(CCN1CCN(C)CC1)C2=O,quinone compounds
COc1ccc2[nH]c3c(c2c1)C[C@@]1(C)C(=O)N(CCN2CCN(C)CC2)C(=O)N1[C@H]3c1cccc(O)c1,quinone compounds
COCCOc1ccc2[nH]c3c(c2c1)C[C@@]1(C)C(=O)N(CCN2CCCC2)C(=O)N1[C@H]3c1cccc(O)c1,quinone compounds
CCN(CCCN1C(=O)N2[C@H](c3cccc(O)c3)c3[nH]c4ccc(OC)cc4c3C[C@]2(C)C1=O)CCOC,quinone compounds
C[C@@]12Cc3c([nH]c4ccc(Br)cc34)[C@H](c3cccc(O)c3)N1C(=O)N(CCN1CC=CCC1)C2=O,quinone compounds
COc1ccc2[nH]c3c(c2c1)C[C@]1(C)C(=O)N(CCCNC(C)(C)C)C(=O)N1[C@@H]3c1cccc(O)c1,quinone compounds
CCOc1ccc2[nH]c3c(c2c1)C[C@@]1(C)C(=O)N(CCN2CCCC2)C(=O)N1[C@H]3c1cccc(O)c1,quinone compounds
C[C@]12Cc3c([nH]c4ccc(OC(F)F)cc34)[C@@H](c3cccc(O)c3)N1C(=O)N(CCNCC1CC1)C2=O,quinone compounds
CN1C(=O)N2[C@@H](c3ccccc3)c3[nH]c4ccc(Cl)cc4c3C[C@]2(C)C1=O,quinone compounds
CCNCCCN1C(=O)N2[C@H](c3cccc(O)c3)c3[nH]c4cc(F)c(OC)cc4c3C[C@]2(C)C1=O,quinone compounds
COc1ccc2[nH]c3c(c2c1F)C[C@@]1(C)C(=O)N(CCCN2CCN(C)CC2)C(=O)N1[C@H]3c1cccc(O)c1,quinone compounds
C[C@]12Cc3c([nH]c4ccc(Cl)cc34)[C@@H](c3cccc(O)c3)N1C(=O)N(CCNC1CCC1)C2=O,quinone compounds
CC(C)CNCCN1C(=O)N2[C@H](c3cccc(O)c3)c3[nH]c4cc(F)c(Cl)cc4c3C[C@]2(C)C1=O,quinone compounds
CC(C)(C)NCCCN1C(=O)N2[C@H](c3cccc(O)c3)c3[nH]c4ccc(Cl)cc4c3C[C@]2(C)C1=O,quinone compounds
COc1cc2c3c([nH]c2cc1F)[C@@H](c1cccc(O)c1)N1C(=O)N(CCNC(C)C)C(=O)[C@@]1(C)C3,quinone compounds
CCOc1ccc2[nH]c3c(c2c1)C[C@]1(C)C(=O)N(CCCN(CC)CCO)C(=O)N1[C@@H]3c1cccc(O)c1,quinone compounds
COc1ccc2[nH]c3c(c2c1F)C[C@@]1(C)C(=O)N(CCCN2CCCCC2)C(=O)N1[C@H]3c1cccc(O)c1,quinone compounds
CC[C@@]12Cc3c([nH]c4ccc(OC)cc34)[C@@H](c3ccccc3)N1C(=O)N(CCN1CCOCC1)C2=O,quinone compounds
COCCNCCN1C(=O)N2[C@H](c3cccc(O)c3)c3[nH]c4ccc(Br)cc4c3C[C@]2(C)C1=O,quinone compounds
COc1ccc2[nH]c3c(c2c1)C[C@]1(C)C(=O)N(CCN2CCCC2)C(=O)N1[C@H]3c1ccccc1,quinone compounds
CCOc1ccc2[nH]c3c(c2c1)C[C@@]1(C)C(=O)N(CCCCl)C(=O)N1[C@@H]3c1cccc(O)c1,quinone compounds
COc1ccc2[nH]c3c(c2c1)C[C@@]1(C)C(=O)N(CCCN2CCN(C)CC2)C(=O)N1[C@H]3c1cccc(O)c1,quinone compounds
C[C@@]12Cc3c([nH]c4ccc(Cl)cc34)[C@H](c3cccc(O)c3)N1C(=O)N(CCCN1CCCCC1)C2=O,quinone compounds
CCN(CC)CCCN1C(=O)N2[C@H](c3cccc(O)c3)c3[nH]c4ccc(Br)cc4c3C[C@]2(C)C1=O,quinone compounds
COc1ccc2[nH]c3c(c2c1)C[C@@]1(C)C(=O)N(CCN2CCC(C)CC2)C(=O)N1[C@H]3c1cccc(O)c1,quinone compounds
CCOc1ccc2[nH]c3c(c2c1)C[C@]1(C)C(=O)N(CCCN(CC)CCOC)C(=O)N1[C@@H]3c1cccc(O)c1,quinone compounds
CCNCCCN1C(=O)N2[C@H](c3cccc(O)c3)c3[nH]c4ccc(Br)cc4c3C[C@]2(C)C1=O,quinone compounds
CC[C@@]12Cc3c([nH]c4ccc(Cl)cc34)[C@H](c3cccc(O)c3)N1C(=O)N(CCn1ccnc1)C2=O,quinone compounds
CC[C@]12Cc3c([nH]c4ccc(OC)cc34)[C@H](c3ccccc3)N1C(=O)N(CCCCN(C)C)C2=O,quinone compounds
COCCNCCCN1C(=O)N2[C@H](c3cccc(O)c3)c3[nH]c4ccc(Br)cc4c3C[C@]2(C)C1=O,quinone compounds
CC(C)N(C)CCN1C(=O)N2[C@H](c3cccc(O)c3)c3[nH]c4ccc(OC(F)F)cc4c3C[C@]2(C)C1=O,quinone compounds
COCCNCCN1C(=O)N2[C@H](c3cccc(O)c3)c3[nH]c4ccc(OC)cc4c3C[C@]2(C)C1=O,quinone compounds
COc1ccc2[nH]c3c(c2c1F)C[C@]1(C)C(=O)N(CCCN2CC=CC2)C(=O)N1[C@@H]3c1cccc(O)c1,quinone compounds
CCNCCN1C(=O)N2[C@H](c3cccc(O)c3)c3[nH]c4ccc(Cl)cc4c3C[C@@]2(C)C1=O,quinone compounds
C[C@]12Cc3c([nH]c4ccc(OC(F)F)cc34)[C@@H](c3cccc(O)c3)N1C(=O)N(CCCN1CC=CC1)C2=O,quinone compounds
CCOc1ccc2[nH]c3c(c2c1)C[C@@]1(CC)C(=O)N(CCCN(C)C)C(=O)N1[C@@H]3c1cccc(O)c1,quinone compounds
CC1CCN(CCN2C(=O)N3[C@@H](c4cccc(O)c4)c4[nH]c5ccc(Cl)cc5c4C[C@@]3(C)C2=O)CC1,quinone compounds
CCOc1ccc2[nH]c3c(c2c1)C[C@@]1(C)C(=O)N(CCCN2CCN(C(C)=O)CC2)C(=O)N1[C@H]3c1cccc(O)c1,quinone compounds
CNCCCN1C(=O)N2[C@H](c3cccc(O)c3)c3[nH]c4ccc(OC)cc4c3C[C@]2(C)C1=O,quinone compounds
CNCCCN1C(=O)N2[C@H](c3cccc(O)c3)c3[nH]c4ccc(OC)c(F)c4c3C[C@]2(C)C1=O,quinone compounds
CC(C)NCCN1C(=O)N2[C@H](c3cccc(O)c3)c3[nH]c4cc(F)c(Cl)cc4c3C[C@]2(C)C1=O,quinone compounds
COc1ccc2[nH]c3c(c2c1F)C[C@]1(C)C(=O)N(CCNC2CCC2)C(=O)N1[C@@H]3c1cccc(O)c1,quinone compounds
COc1ccc2[nH]c3c(c2c1F)C[C@@]1(C)C(=O)N(CCN2CCN(C)CC2)C(=O)N1[C@H]3c1cccc(O)c1,quinone compounds
CN1CCN(CCN2C(=O)N3[C@@H](c4cccc(O)c4)c4[nH]c5ccc(Br)cc5c4C[C@@]3(C)C2=O)CC1,quinone compounds
CNCCN1C(=O)N2[C@H](c3cccc(O)c3)c3[nH]c4ccc(Br)cc4c3C[C@]2(C)C1=O,quinone compounds
C[C@@]12Cc3c([nH]c4ccc(OC(F)F)cc34)[C@H](c3cccc(O)c3)N1C(=O)N(CCN1CCCC1)C2=O,quinone compounds
CCOc1ccc2[nH]c3c(c2c1)C[C@@]1(C)C(=O)N(CCN2CCC2)C(=O)N1[C@@H]3c1cccc(O)c1,quinone compounds
CN1CCN(CCCN2C(=O)N3[C@@H](c4cccc(O)c4)c4[nH]c5ccc(Br)cc5c4C[C@@]3(C)C2=O)CC1,quinone compounds
CC[C@]12Cc3c([nH]c4ccc(OCCOC)cc34)[C@H](c3cccc(O)c3)N1C(=O)N(CCN1CCN(C)CC1)C2=O,quinone compounds
COc1cc2c3c([nH]c2cc1F)[C@@H](c1cccc(O)c1)N1C(=O)N(CCCN2CC=CC2)C(=O)[C@@]1(C)C3,quinone compounds
CCN(CCCN1C(=O)N2[C@H](c3cccc(O)c3)c3[nH]c4ccc(Cl)cc4c3C[C@]2(C)C1=O)CCOC,quinone compounds
COc1ccc2[nH]c3c(c2c1)C[C@]1(C)C(=O)N(CCNCCO)C(=O)N1[C@@H]3c1cccc(O)c1,quinone compounds
CCNCCN1C(=O)N2[C@H](c3cccc(O)c3)c3[nH]c4ccc(OC)c(F)c4c3C[C@]2(C)C1=O,quinone compounds
CC[C@]12Cc3c([nH]c4ccc(Cl)cc34)[C@H](c3cccc(O)c3)N1C(=O)N(CCN1CCN(C)CC1)C2=O,quinone compounds
CC(C)(C)NCCCN1C(=O)N2[C@H](c3cccc(O)c3)c3[nH]c4cc(F)c(Cl)cc4c3C[C@]2(C)C1=O,quinone compounds
O=C1[C@@H]2Cc3c([nH]c4ccccc34)[C@H](c3ccccc3)N2C(=O)N1Cc1ccccn1,quinone compounds
COc1ccc([C@H]2c3[nH]c4ccccc4c3C[C@H]3C(=O)N(Cc4cccnc4)C(=O)N23)cc1,quinone compounds
O=C1[C@@H]2Cc3c([nH]c4ccccc34)[C@H](c3ccccc3)N2C(=O)N1Cc1ccccc1,quinone compounds
CCCCN1C(=O)[C@@H]2Cc3c([nH]c4ccccc34)[C@H](c3ccc(Cl)cc3)N2C1=O,quinone compounds
Cn1cnc2cc(CN3CC(=O)N4[C@H](c5ccc6c(c5)OCO6)c5[nH]c6ccccc6c5C[C@@H]4C3=O)ccc21,quinone compounds
CNc1ccc(CN2CC(=O)N3[C@H](c4ccc5c(c4)OCO5)c4[nH]c5ccccc5c4C[C@@H]3C2=O)cc1[N+](=O)[O-],quinone compounds
CN(C)Cc1cccc(CN2CC(=O)N3[C@H](c4ccc5c(c4)OCO5)c4[nH]c5ccccc5c4C[C@@H]3C2=O)c1,quinone compounds
COc1ccc([C@H]2c3[nH]c4ccccc4c3C[C@H]3C(=O)N(CCc4ccccn4)C(=O)N23)cc1,quinone compounds
COc1ccc([C@H]2c3[nH]c4ccccc4c3C[C@H]3C(=O)NC(=O)N23)cc1,quinone compounds
CN1C(=O)[C@H]2Cc3c([nH]c4ccccc34)[C@@H](c3ccc4c(c3)OCO4)N2C(=O)[C@@H]1OCc1ccccc1,quinone compounds
CCOc1ccc2[nH]c3c(c2c1)C[C@]1(C)C(=O)N(CCN2CC=CC2)C(=O)N1[C@H]3c1ccccc1,quinone compounds
CCNCCN1C(=O)N2[C@@H](c3ccccc3)c3[nH]c4ccc(Cl)cc4c3C[C@]2(C)C1=O,quinone compounds
CCOc1ccc2[nH]c3c(c2c1)C[C@]1(C)C(=O)N(CCN(CC)CCOC)C(=O)N1[C@H]3c1ccccc1,quinone compounds
CCOc1ccc2[nH]c3c(c2c1)C[C@@]1(C)C(=O)N(CCCNCC(C)C)C(=O)N1[C@@H]3c1ccccc1,quinone compounds
CCOc1ccc2[nH]c3c(c2c1)C[C@]1(C)C(=O)N(CCCNC2CCC2)C(=O)N1[C@H]3c1ccccc1,quinone compounds
CCOc1ccc2[nH]c3c(c2c1)C[C@]1(C)C(=O)N(CCCN(C)CC)C(=O)N1[C@H]3c1ccccc1,quinone compounds
CCOc1ccc2[nH]c3c(c2c1)C[C@@]1(C)C(=O)N(CCCN2CCCC2)C(=O)N1[C@@H]3c1ccccc1,quinone compounds
CCOc1ccc2[nH]c3c(c2c1)C[C@]1(C)C(=O)N(CCN2CCCCCC2)C(=O)N1[C@H]3c1ccccc1,quinone compounds
C#CCN(C)CCN1C(=O)N2[C@@H](c3ccccc3)c3[nH]c4ccc(OCC)cc4c3C[C@]2(C)C1=O,quinone compounds
O=C1C=C2/C=c3/cc/c([nH]3)=C/C3=N/C(=C\[C@@H]4N[C@@H](C(=O)C4=O)C(=O)C1=N2)C=C3,quinone compounds
COc1ccc2[nH]c3c(c2c1)C[C@@]1(C)C(=O)NC(=O)N1C3,quinone compounds
Oc1c2c(c(O)n1-c1n[nH]c(CCc3ccccc3)n1)CC=CC2,quinone compounds
Oc1cc(N2CCCCC2)c(O)n1-c1ccccc1,quinone compounds
CCOc1ccc(C(C)=O)cc1-n1c(O)c2c(c1O)[C@H]1C=C[C@@H]2O1,quinone compounds
COc1ccccc1[C@H]1[C@H](C(=O)c2ccccc2)C(=O)C(=O)N1CCO,quinone compounds
Cc1ccccc1-n1c(O)cc(Sc2nnc(-c3ccccc3)o2)c1O,quinone compounds
Cc1cc(-c2ccc(-n3c(O)ccc3O)c(C)c2)ccc1-n1c(O)ccc1O,quinone compounds
O=C1c2ccccc2C(=O)C1c1cnc2c(n1)CCC=C2,quinone compounds
CCOc1cccc(C(=O)[C@H]2C(=O)C(=O)N(CCOC)[C@@H]2c2ccc(C)o2)c1,quinone compounds
O=C1C(=O)N(c2ccc(F)cc2)[C@@H](c2ccc(Br)cc2)[C@@H]1C(=O)c1ccccc1,quinone compounds
O=C1N=C2c3ccccc3C(=O)[C@H]2[C@H](c2ccccc2)N1,quinone compounds
CC1(C)CC(=O)[C@@H]2C(=Nc3[nH]c(=S)[nH]c(=O)c3[C@H]2c2ccccc2)C1,quinone compounds
Oc1cc(N2CCC(c3nc4ccccc4[nH]3)CC2)c(O)n1-c1ccccc1F,quinone compounds
C[C@H]1Cc2cc(C(=O)[C@H]3C(=O)C(=O)N(Cc4ccncc4)[C@@H]3c3ccc(N(C)C)cc3)ccc2O1,quinone compounds
O=C(C1CCN(c2cc(O)n(-c3cccc(Cl)c3)c2O)CC1)N1CCCC1,quinone compounds
COc1cccc(N2CCN(c3cc(O)n(-c4ccc(C)c(Cl)c4)c3O)CC2)c1,quinone compounds
CC1(C)CCCC2=C1Cc1c(c(O)n(-c3ccccc3)c1O)C2,quinone compounds
Oc1c2c(c(O)n1-c1ccncc1)[C@@H](c1ccccc1)C=C[C@@H]2c1ccccc1,quinone compounds
CCCc1ccc(CC2=C(C(=O)OCC)C(=O)c3ccccc3C2=O)cc1,quinone compounds
Cc1ccc(-n2c(O)cc(N3CCN([C@H]4CCc5ccccc5C4)CC3)c2O)cc1,quinone compounds
COc1ccc(C(=O)[C@H]2C(=O)C(=O)N(C[C@H]3CCCO3)[C@@H]2c2cccc(OC)c2)cc1,quinone compounds
Cc1cc(-n2c(O)cc(Cc3ccc(Cl)cc3)c2O)no1,quinone compounds
Cc1ccc(C(=O)[C@H]2C(=O)C(=O)N(c3cc(C)on3)[C@@H]2c2cccc(Br)c2)cc1,quinone compounds
CCN(CC)CCCN1C(=O)C(=O)[C@@H](C(=O)c2ccccc2)[C@@H]1c1cc(OC)ccc1OC,quinone compounds
CCOc1ccc(C(=O)[C@H]2C(=O)C(=O)N(C[C@H]3CCCO3)[C@@H]2c2ccc(C)o2)cc1,quinone compounds
COc1ccc(Cc2cc(O)n(-c3ccc(C)cc3)c2O)cc1,quinone compounds
COc1cccc(N2CCN(c3cc(O)n(-c4ccc(Cl)c(Cl)c4)c3O)CC2)c1,quinone compounds
O=C1C(=O)N(CN2CCOCC2)[C@@H](c2ccc(Br)cc2)[C@@H]1C(=O)c1ccccc1,quinone compounds
COc1ccc(-n2c(O)cc(Sc3nc4ccccc4s3)c2O)cc1,quinone compounds
O=c1[nH]c2ccccc2n1C1CCN(c2cc(O)n(-c3ccc(F)cc3)c2O)CC1,quinone compounds
Oc1cc(N2CCC(c3nc4ccccc4o3)CC2)c(O)n1-c1cc(Cl)cc(Cl)c1,quinone compounds
Oc1ccc(O)n1-c1nc2n(n1)[C@H](c1ccccc1)CC(c1ccc(Br)cc1)=N2,quinone compounds
Oc1cc(Sc2cccs2)c(O)n1-c1ccccc1,quinone compounds
COc1ccc2cc(=O)n(-c3ccccc3OC)c(O)c2c1,quinone compounds
O=c1cc2ccccc2c(O)n1-c1ccc(F)cc1Cl,quinone compounds
O=C1C=Cc2c/c(=C3\N=C4c5ccccc5CC[C@@H]4S3)c(=O)oc2=C1,quinone compounds
COc1ccc([C@@H]2[C@@H](C(=O)c3ccccc3)C(=O)C(=O)N2C[C@@H](C)O)c(OC)c1,quinone compounds
Cc1ccc([C@@H]2[C@@H](C(=O)c3ccc(Cl)cc3)C(=O)C(=O)N2C[C@H]2CCCO2)o1,quinone compounds
O=C(c1ccc(Cl)cc1)[C@H]1c2c(c(O)n(-c3ccccc3)c2O)[C@@H]2CCCN21,quinone compounds
C=CCn1c(-n2c(O)cc(Cc3ccccc3)c2O)nc2ccccc21,quinone compounds
Oc1cc(N2CC=C(c3ccc(F)cc3)CC2)c(O)n1-c1ccc(F)cc1,quinone compounds
COc1ccccc1-n1c(O)c2ccccc2cc1=O,quinone compounds
COc1ccc(-n2c(O)cc(-c3ccc([N+](=O)[O-])cc3)c2O)cc1,quinone compounds
COCCOc1cc2ncnc(/N=C3\CC(=O)C(OCC#Cc4ccccc4)=CC3=O)c2cc1OC,quinone compounds
C#C[C@H](C)OC1=CC(=O)/C(=N/c2ncnc3cc(OCCCN4CCCC4)c(OC)cc23)CC1=O,quinone compounds
C#CCOC1=CC(=O)/C(=N/c2ncnc3cc(OCCCN4CCCC4)c(OC)cc23)CC1=O,quinone compounds
COc1cc2c(/N=C3\CC(=O)C(OCc4ccccc4)=CC3=O)ncnc2cc1OCC1CCN(C)CC1,quinone compounds
COCCOc1cc2ncnc(/N=C3\CC(=O)C(Cl)=C(Cl)C3=O)c2cc1OC,quinone compounds
COc1cc2c(/N=C3\CC(=O)C(OCc4ccccc4)=CC3=O)ncnc2cc1OCCCN1CCCC1,quinone compounds
COCCOc1cc2ncnc(/N=C3\CC(=O)C(OC)=CC3=O)c2cc1OC,quinone compounds
C[C@@H]1CC2=C(C(=O)O1)C(=O)C(C(=O)N[C@@H](Cc1ccccc1)C(=O)O)=CC2=O,quinone compounds
COc1cc(O)c2c(c1)C(=O)c1cc(O)c(-c3c(O)cc4cc5c(c(O)c4c3O)C(=O)C[C@](C)(OC)C5)c(O)c1C2=O,quinone compounds
CCCCC1=C(O)C(C)=C(C)C(=O)C1=O,quinone compounds
CN(C)[C@H]1[C@H](O)[C@@H]2Oc3c(cc(O)c4c3C(O)=c3cc5c(c(O)c3C4=O)=CC[C@](C)(O)C5)[C@@](C)(O2)[C@@H]1O,quinone compounds
O=C(/C=C/C1=CC(=O)C(=O)C=C1)O[C@@H](C(=O)O)[C@@H](O)C(=O)O,quinone compounds
O=C1C=C2O[C@@H](c3ccccc3)CC(=O)C2=C(O)C1=O,quinone compounds
O=C1C(=O)C(C2CCCCC2)=C(C2CCCCC2)C=C1C1CCCCC1,quinone compounds
CC(=O)N1CCN(CCCN2C(=O)N3[C@H](c4cccc(O)c4)c4[nH]c5cc(F)c(Cl)cc5c4C[C@]3(C)C2=O)CC1,quinone compounds
CCN(C=CC1=C(Br)C(=O)C(Br)=C(Br)C1=O)CC,quinone compounds
O=C1C#CCCCCC1=O,quinone compounds
O=C1C=C(O)c2nc(-c3ccccc3)[nH]c(=O)c2C1=O,quinone compounds
O=C1C=C(N2CCCCC2)c2nc(N3CCCCC3)[nH]c(=O)c2C1=O,quinone compounds
O=C1C(=O)C(N2CCOCC2)(N2CCOCC2)[C@H](N2CCCCC2)c2nc(N3CCCCC3)[nH]c(=O)c21,quinone compounds
COc1cc(C)cc2c1C(=O)C(O)=C(O)C2=O,quinone compounds
CSc1nc2c(c(=O)[nH]1)[C@@H](c1cccs1)[C@H]1C(=O)CCCC1=N2,quinone compounds
O=C1c2ccccc2C(=O)c2c1c(O)c1c(O)c3ccccc3c(O)c1c2O,quinone compounds
COc1ccc(/C=C/C(=O)c2c(O)cc(C)oc2=O)cc1O,quinone compounds
C/C(=N\N1CCCC[C@H]1c1cccnc1)c1c(O)n(C2CCCCC2)c(=S)[nH]c1=O,quinone compounds
CO[C@@H]1C(=O)c2c([nH]c3ccccc23)C(=O)[C@H]1C,quinone compounds
CC(C)=CCC1=CC(=O)C=C(CC=C(C)C)C1=O,quinone compounds
C[C@]12CC[C@H]3C4=CC(=O)C(=O)C=C4CC[C@@H]3[C@H]1CC[C@@H]2O,quinone compounds
O=C1C=CC(=O)C([C@]2(O)O[C@H](CO)[C@H](O)[C@H](O)[C@H]2O)=C1,quinone compounds
O=c1[nH]c(=O)c2c(nc(Nc3ccccc3)c3ccccc32)[nH]1,quinone compounds
CCC[C@@H](O)CCCC1=CC(=O)C=CC1=O,quinone compounds
O=c1ccc2c3c(=O)c4ccc3c3ccc1c2c43,quinone compounds
O=C1C=C(O)c2nc(N3CCCCC3)sc2C1=O,quinone compounds
O=C1C=CC(=O)c2nc(N3CCCCC3)c(N3CCOCC3)cc21,quinone compounds
O=C1C=C(N2CCCCC2)c2nc(N3CCCCC3)ncc2C1=O,quinone compounds
O=C1C=C(O)c2nc(-c3ccccc3)ncc2C1=O,quinone compounds
O=C1C=C(N2CCCCC2)c2ncnc(N3CCCCC3)c2C1=O,quinone compounds
O=C1C(=O)c2sc(N3CCCCC3)nc2C(O)=C1Br,quinone compounds
CCOC(=O)c1c(C)[nH]c2c1C(=O)C(=O)c1ccccc1-2,quinone compounds
CC1=CC=C(N)C(=O)C1=O,quinone compounds
O=C1C=CC(=O)C(N2CCO[C@@H](N3CCCCC3)C2)=C1,quinone compounds
COc1nc(-c2ccccc2)nc2c1C(=O)C(Nc1ccccc1)=CC2=O,quinone compounds
NC1=C(c2cccc3ccccc23)C(=O)C=CC1=O,quinone compounds
Cc1cc(=O)c2c([nH]1)C(N1CCCCC1)=CC(=O)C2=O,quinone compounds
O=C1C=C(N2CCCCC2)c2nc(-c3ccccc3)nc(N3CCCCC3)c2C1=O,quinone compounds
O=C1C=Cc2nccc(Cl)c2C1=O,quinone compounds
CCCCCCCc1ccc2c(c1)=NC(=O)C(=O)C=2,quinone compounds
CC(=O)[C@@H](C(=O)N=O)c1ccc(O)c(O)c1,quinone compounds
CC(=O)/N=c1\ccc(=O)c(=O)c1=O,quinone compounds
O=C1C(=O)C(N(Br)[N+](=O)[O-])=CC=C1Br,quinone compounds
O=C(O)OC(=O)c1cc(C(=O)OC(=O)O)c2c(n1)C(=O)C(=O)c1cc(C(=O)OC(=O)O)[nH]c1-2,quinone compounds
O=c1ccc2cc3oc4cccc(O)c4oc=3c(=O)c-2c1,quinone compounds
O=C1C(=O)c2ccccc2C(O)(O)C1=O,quinone compounds
O=C1C=C(O)c2c(c2=O)C1=O,quinone compounds
O=C=NC1=CC(=O)C=CC1=O,quinone compounds
CC[C@@H](C)CCC[C@H](C)CCC[C@H](C)CC1=CC(=O)C=CC1=O,quinone compounds
CC1=Cc2cc3cc4ccccc4cc3cc2C(=O)C1=O,quinone compounds
O=C1C=c2cc3ccc4c5c(ccc4c3cc2=CC1)C(=O)C(=O)C=C5,quinone compounds
O=C1c2c(c(O)c3cc4ccccc4cc3c2O)C(=O)c2c1c(O)c1cc3cc4ccccc4cc3cc1c2O,quinone compounds
O=c1ccc(=O)c2c3cc4c5ccccc5c4cc3c12,quinone compounds
COC1=CC([C@@H]2c3cc4c(cc3[C@@H](O[C@@H]3O[C@@H]5CO[C@@H](C)O[C@H]5[C@H](O)[C@H]3O)[C@H]3COC(=O)[C@@H]32)OCO4)=CC(=O)C1=O,quinone compounds
CC(C)=CCC1=C(O)C(=O)C(CC=C(C)C)=C(O)C1=O,quinone compounds
CCCCCCC1=C(O)C(=O)C(CCCCCC)=C(O)C1=O,quinone compounds
CCCCc1ccc(C2=C(O)C(=O)C(c3ccc(CCCC)cc3)=C(O)C2=O)cc1,quinone compounds
COc1ccc(CC2=CC(=O)C(=O)C=C2C)cc1,quinone compounds
O=C1c2ccccc2C(=O)c2c1c(-c1ccccc1)cc(CCO)c2-c1ccccc1,quinone compounds
O=C1C(Cl)=C(N2CCOCC2)C(=O)C(Cl)=C1c1cnc(N2CCCCC2)s1,quinone compounds
O=C1C(Cl)=C(Cl)C(=O)C(CCNc2ncccn2)=C1Cl,quinone compounds
CC(=O)c1c(O)cc(O)c(-c2c(C)cc(O)c3c2C(=O)c2cccc(O)c2C3=O)c1O,quinone compounds
O=c1c2cccc3c4cccc5c(=O)c6cccc7c8cccc1c8c(c23)c(c54)c67,quinone compounds
CCC[C@@H](O)[C@H](O)c1ccc2c(c1O)C(=O)c1c(OC)cccc1C2=O,quinone compounds
CC(C)=CCC[C@H](C)C1=C(O)C(Nc2ccccc2Br)=C(C)C(=O)C1=O,quinone compounds
CC(C)=CCC[C@H](C)C1=C(O)C(Nc2ccccc2Cl)=C(C)C(=O)C1=O,quinone compounds
O=Nc1ccc(O)c(-c2ccccc2)c1,quinone compounds
C[Si](C)(C)Oc1ccc2c(c1O[Si](C)(C)C)C(=O)c1ccccc1C2=O,quinone compounds
C[Si](C)(C)Oc1cccc2c1C(=O)c1c(O[Si](C)(C)C)cccc1C2=O,quinone compounds
CC(C)(C)C1=CC(=O)C(c2ccccc2)=C(C(C)(C)C)C1=O,quinone compounds
CC(C)=CCC/C(C)=C/CC1=CC(=O)C=C(C)C1=O,quinone compounds
CC1=CC(=O)C=C(C)C1=NOC(=O)c1ccccc1Cl,quinone compounds
COc1cc(C(=O)ON=C2C=CC(=O)C=C2)cc(OC)c1OC,quinone compounds
CN(C)c1ccc(C=C2C(=O)OC3(CCCC3)OC2=O)cc1,quinone compounds
CC1=CC(=O)C=C(C)C1=NOC(=O)c1cccc([N+](=O)[O-])c1,quinone compounds
CC1=CC(=O)C=C(C)C1=NOc1ccccc1[N+](=O)[O-],quinone compounds
O=c1c2ccccc2c(/C=N/CCc2ccccc2)c(O)n1Cc1ccccc1,quinone compounds
O=C1c2ccccc2C(=O)c2c1ccc([N+](=O)[O-])c2N1CCCCC1,quinone compounds
O=C1c2ccccc2C(=O)c2c([N+](=O)[O-])ccc(N3CCOCC3)c21,quinone compounds
O=C1c2cccc3cccc(c23)C(=O)N1CC1CCN(C[C@@H](O)COc2ccc3ccccc3c2)CC1,quinone compounds
Cc1[nH]n(-c2cccc(Cl)c2)c(=O)c1/C=N/c1cccc2c1C(=O)c1ccccc1C2=O,quinone compounds
CN1CCN(C(=O)c2ccc3c(c2NCCO)C(=O)c2ccccc2C3=O)CC1,quinone compounds
Nc1c(C(=O)c2cccc3ccccc23)ccc2c1C(=O)c1ccccc1C2=O,quinone compounds
C[C@@H]1CCCN(S(=O)(=O)c2cccc3c2C(=O)c2ccccc2C3=O)[C@H]1C,quinone compounds
CN1CCN(S(=O)(=O)c2ccc3c(c2)C(=O)c2ccc(S(=O)(=O)N4CCN(C)CC4)cc2C3=O)CC1,quinone compounds
Cc1ccc(-n2c(O)c3ccccc3cc2=O)cc1,quinone compounds
O=C1c2ccccc2C(=O)c2cc(CC(=O)N3CCOCC3)ccc21,quinone compounds
Nc1c(Cl)c(Br)cc2c1C(=O)c1ccccc1C2=O,quinone compounds
C=CCOc1cc(OCOC)cc2c1C(=O)c1ccccc1C2=O,quinone compounds
CCOc1cc2c(cc1O)C(=O)c1ccccc1C2=O,quinone compounds
COc1cccc(C(=O)[C@H]2C(=O)C(=O)N(CCCN3CCOCC3)[C@@H]2c2ccncc2)c1,quinone compounds
O=C1c2cccc(N3CCOCC3)c2C(=O)c2c1cccc2N1CCOCC1,quinone compounds
CC1=C(Cl)C(=O)C(C(C)(C)C)=C(Cl)C1=O,quinone compounds
CC1(C)O[C@@H]2O[C@@H]([C@H](O)c3cc(O)c4c(c3O)C(=O)c3ccccc3C4=O)[C@@](C)(O)[C@@H]2O1,quinone compounds
O=C(ON=C1C=CC(=NOC(=O)c2ccccc2Cl)C=C1)c1ccc(Br)cc1,quinone compounds
O=C1C[C@@H](N2CCN(C/C=C/c3ccccc3)CC2)C(=O)N1CCc1ccccc1,quinone compounds
CC1=C(C)/C(=N/OC(=O)c2ccc([N+](=O)[O-])cc2)C=C(Cl)C1=O,quinone compounds
CC1=C(C)/C(=N/OC(=O)c2cccc([N+](=O)[O-])c2)C=CC1=O,quinone compounds
CC1=C(C)/C(=N\OC(=O)Cc2ccccc2)C=CC1=O,quinone compounds
CC/C=C/Cc1ccc2c(c1O)C(=O)c1ccccc1C2=O,quinone compounds
CC1=CC(=O)C(C(C)C)=C/C1=N\OC(=O)c1cccc([N+](=O)[O-])c1,quinone compounds
CC1=C/C(=N\OC(=O)c2ccccc2Cl)C(C)=CC1=O,quinone compounds
COc1ccccc1C(=O)O/N=C1\C=CC(=O)C=C1C,quinone compounds
O=C1c2ccccc2C(=O)c2c1cccc2N1CCN(Cc2ccccc2)CC1,quinone compounds
Nc1c(C(=O)c2ccccc2)cc(Nc2ccccc2)c2c1C(=O)c1ccccc1C2=O,quinone compounds
CCCCCn1c(=O)[nH]c2cc(C(=O)N3CCN(Cc4ccc5c(c4)OCO5)CC3)ccc2c1=O,quinone compounds
CN1CC(=O)N2[C@H](Cc3c([nH]c4ccccc34)[C@@]2(O)c2ccc3c(c2)OCO3)C1=O,quinone compounds
NCC[C@@H]1NC(=O)[C@H]2Cc3c([nH]c4ccccc34)[C@@H](c3ccc4c(c3)OCO4)N2C1=O,quinone compounds
C[C@H]1C(=O)N2[C@H](c3ccc4c(c3)OCO4)c3[nH]c4ccccc4c3C[C@@H]2C(=O)N1Cc1ccc(N(C)C)cc1,quinone compounds
NC[C@@H]1NC(=O)[C@H]2Cc3c([nH]c4ccccc34)[C@@H](c3ccc4c(c3)OCO4)N2C1=O,quinone compounds
CNN1CC(=O)N2[C@H](c3ccc4c(c3)OCO4)c3[nH]c4ccccc4c3C[C@@H]2C1=O,quinone compounds
O=C1[C@H]2Cc3c([nH]c4ccccc34)[C@@H](c3ccc4c(c3)OCO4)N2C(=O)CN1CCn1ccnc1,quinone compounds
Nc1ccc(CCN2CC(=O)N3[C@H](c4ccc5c(c4)OCO5)c4[nH]c5ccccc5c4C[C@@H]3C2=O)cc1,quinone compounds
C[C@@H]1NC(=O)[C@H]2Cc3c([nH]c4ccccc34)[C@@H](c3ccc4occc4c3)N2C1=O,quinone compounds
O=C1[C@H]2Cc3c([nH]c4ccccc34)[C@@H](c3ccc4c(c3)OCO4)N2C(=O)CN1CCn1cccn1,quinone compounds
Cc1cc(C)n(CCCN2CC(=O)N3[C@H](c4ccc5c(c4)OCO5)c4[nH]c5ccccc5c4C[C@@H]3C2=O)n1,quinone compounds
COc1ccc([C@@H]2c3[nH]c4ccccc4c3C[C@@H]3C(=O)N(CCN4C[C@@H](C)O[C@@H](C)C4)CC(=O)N23)cc1,quinone compounds
Nc1ccc(CN2CC(=O)N3[C@H](c4ccc5c(c4)OCO5)c4[nH]c5ccccc5c4C[C@@H]3C2=O)cc1,quinone compounds
Cc1ccnc2c1C(=O)c1ccsc1C2=O,quinone compounds
CC1(C)OC(=O)C2=C1CCNC2=O,quinone compounds
COc1cc2ncnc(NC3=CC(=O)C(Oc4ccccc4)=CC3=O)c2cc1OC,quinone compounds
COc1cc2ncnc(NC3=CC(=O)C(N4CCOCC4)=CC3=O)c2cc1OC,quinone compounds
COCCOc1cc2ncnc(NC3=CC(=O)C(N(C)C)=CC3=O)c2cc1OC,quinone compounds
COCCOc1cc2ncnc(NC3=CC(=O)C(Oc4cccnc4)=CC3=O)c2cc1OC,quinone compounds
COCCOc1cc2ncnc(NC3=CC(=O)C(N4CCCCC4)=CC3=O)c2cc1OC,quinone compounds
COc1cc2ncnc(NC3=CC(=O)C(N(C)C)=CC3=O)c2cc1OC,quinone compounds
COCCOc1cc2ncnc(NC3=CC(=O)C(N4CCOCC4)=CC3=O)c2cc1OC,quinone compounds
COCCOc1cc2ncnc(NC3=CC(=O)C(N(C)c4ccc(OC)cc4)=CC3=O)c2cc1OC,quinone compounds
COCCOc1cc2ncnc(NC3=CC(=O)C(N(C)c4cccc(F)c4)=CC3=O)c2cc1OC,quinone compounds
COc1cc2ncnc(NC3=CC(=O)C(c4ccccc4)=CC3=O)c2cc1OC,quinone compounds
COCCOc1cc2ncnc(NC3=CC(=O)C(Oc4ccc(-n5ccnc5)cc4)=CC3=O)c2cc1OC,quinone compounds
COCCOc1cc2ncnc(NC3=CC(=O)C(N(C)c4ccccc4)=CC3=O)c2cc1OC,quinone compounds
COCCOc1cc2ncnc(NC3=CC(=O)C(OC)=C(Cl)C3=O)c2cc1OC,quinone compounds
CCOC1=C(Cl)C(=O)C(Nc2ncnc3cc(OCCOC)c(OC)cc23)=CC1=O,quinone compounds
COc1cc2ncnc(NC3=CC(=O)C=C(C)C3=O)c2cc1OC,quinone compounds
O=c1[nH]oc(=O)c2ccccc12,quinone compounds
CCC(=O)NC1=C(Cl)C(=O)c2ncccc2C1=O,quinone compounds
O=C1C(=O)N(c2ccccc2)C2=C1CCCC2,quinone compounds
O=C1C=C(N2CCOCC2)C(=O)c2ncc(N3CCOCC3)nc21,quinone compounds
O=C1C=C(N2CCCCC2)C(=O)c2nccnc21,quinone compounds
C[C@H]1N=C(N(C)C)N(C)C(=O)N(C)C1=O,quinone compounds
CC1=CC(=O)C(C)=C(CC[C@@](C)(O)CCC[C@H](C)CCC[C@H](C)CCCC(C)C)C1=O,quinone compounds
C=CCC1=C(C)C(=O)C(OC)=C(OC)C1=O,quinone compounds
Cn1c(O)cc2c1C(=O)c1ccccc1C2=O,quinone compounds
CC1=C(Br)C(=O)c2ccsc2C1=O,quinone compounds
CC(=O)Oc1c2c(c(Oc3ccccc3)c3ccccc13)C(=O)c1ccccc1C2=O,quinone compounds
O=C1C=C([C@H]2CO2)C(=O)C=C1[C@H]1CO1,quinone compounds
CN(C)c1c(-c2ccccc2)c(=O)[nH]c2ccccc2c1=O,quinone compounds
O=C1c2ccccc2C(=O)c2cc(C3CCCCC3)ccc21,quinone compounds
O=C1CCCC(=O)C12CCCCCC2,quinone compounds
O=C1Cc2cc3ccccc3cc2C(=O)N1,quinone compounds
COC1=C([C@@H](C)CCC=C(C)C)C(=O)C(C)=CC1=O,quinone compounds
Cc1oc(=O)cc2c1CC(=O)O2,quinone compounds
CN1C(=O)[C@H]2Cc3c([nH]c4ccccc34)CN2C1=O,quinone compounds
COCCNc1cccc2c1C(=O)c1ccccc1C2=O,quinone compounds
COc1cccc([C@@H]2c3[nH]c4ccccc4c3C[C@H]3C(=O)N(C4CC4)CC(=O)N23)c1,quinone compounds
O=C1[C@@H]2Cc3c([nH]c4ccccc34)[C@@H](c3cccc([N+](=O)[O-])c3)N2C(=O)CN1CCCO,quinone compounds
Cc1ccc(Cl)c(N2C(=O)C(Cl)=C(N3CCN(C)CC3)C2=O)c1Cl,quinone compounds
O=c1nc(NCCc2ccccc2)[nH]c(=O)n1-c1ccccc1,quinone compounds
COCCCNc1nc(=O)n(-c2ccc(F)cc2)c(=O)[nH]1,quinone compounds
COc1ccc2[nH]c3c(c2c1)C[C@@]1(C)C(=O)N(CCCN2CCN(C)CC2)C(=O)N1[C@@H]3c1cccc(O)c1,quinone compounds
C=C(C)Cn1c(=O)c2c(nc3n2C[C@H](C)CN3Cc2ccccc2)n(C)c1=O,quinone compounds
COc1ccnc2c1c(=O)n(Cc1cccc(F)c1)c(=O)n2C,quinone compounds
COc1ccnc2c1c(=O)n(Cc1ccc(Cl)cc1)c(=O)n2C,quinone compounds
OC1(O)C=CC(O)(O)C=C1,quinone compounds
CCCCN1CC(=O)N2[C@@H](c3ccc4c(c3)OCO4)c3[nH]c4ccccc4c3C[C@H]2C1=O,quinone compounds
CN1CC(=O)N2[C@H](c3ccc4c(c3)CCC4)c3[nH]c4ccccc4c3C[C@@H]2C1=O,quinone compounds
COc1ccc([C@@H]2c3[nH]c4ccccc4c3C[C@@H]3C(=O)N(C(C)C)CC(=O)N23)cc1Cl,quinone compounds
O=C1[C@H]2Cc3c([nH]c4ccccc34)[C@@H](c3ccc4c(c3)OCO4)N2C(=O)CN1Cc1ccc(OCc2ccccc2)cc1,quinone compounds
O=C1N[C@@H](CCl)C(=O)N2[C@H](c3ccc4c(c3)OCO4)c3[nH]c4ccccc4c3C[C@H]12,quinone compounds
O=C1N=CC(=O)n2cc3nc4ccccc4c-3cc21,quinone compounds
CN1C(=O)[C@@H]2Cc3c([nH]c4ccccc34)CN2C(=O)[C@H]1c1ccc2c(c1)OCO2,quinone compounds
COc1ccc2[nH]c3c(c2c1)C[C@@]1(C)C(=O)N(CCCNC(C)C)C(=O)N1[C@@H]3c1ccccc1,quinone compounds
CCN(CCCN1C(=O)N2[C@H](c3ccccc3)c3[nH]c4ccc(OC)cc4c3C[C@@]2(C)C1=O)CCOC,quinone compounds
COc1ccc2[nH]c3c(c2c1)C[C@@]1(C)C(=O)N(CCCN2CCCC2)C(=O)N1[C@@H]3c1ccccc1,quinone compounds
CN(CCO)CCCN1C(=O)N2[C@H](c3cccc(O)c3)c3[nH]c4cc(F)c(Cl)cc4c3C[C@@]2(C)C1=O,quinone compounds
CNCCCN1C(=O)N2[C@H](c3cccc(O)c3)c3[nH]c4cc(F)c(Cl)cc4c3C[C@@]2(C)C1=O,quinone compounds
CN1C(=O)N2[C@H](c3cccc(O)c3)c3[nH]c4ccc(Cl)cc4c3C[C@@]2(C)C1=O,quinone compounds
CN(C)CCCN1C(=O)N2[C@H](c3cccc(O)c3)c3[nH]c4ccc(Cl)cc4c3C[C@@]2(C)C1=O,quinone compounds
CC[C@@]12Cc3c([nH]c4ccc(OC)cc34)[C@@H](c3cccc(O)c3)N1C(=O)N(CCCN(C)C)C2=O,quinone compounds
COc1ccc2[nH]c3c(c2c1)C[C@@]1(C)C(=O)N(CCBr)C(=O)N1[C@@H]3c1cccc(O)c1,quinone compounds
C[C@@]12Cc3c([nH]c4ccc(Cl)cc34)[C@@H](c3cccc(O)c3)N1C(=O)N(CCn1ccnc1)C2=O,quinone compounds
COCCOc1ccc2[nH]c3c(c2c1)C[C@@]1(C)C(=O)N(C)C(=O)N1[C@@H]3c1cccc(O)c1,quinone compounds
COc1ccc2[nH]c3c(c2c1)C[C@@]1(C)C(=O)N(CCn2ccnc2)C(=O)N1[C@@H]3c1cccc(O)c1,quinone compounds
CNCCN1C(=O)N2[C@H](c3cccc(O)c3)c3[nH]c4ccc(Cl)cc4c3C[C@@]2(C)C1=O,quinone compounds
COc1ccc2[nH]c3c(c2c1)C[C@@]1(C)C(=O)N(CCN2CCC2)C(=O)N1[C@@H]3c1cccc(O)c1,quinone compounds
C[C@@]12Cc3c([nH]c4cc(F)c(Cl)cc34)[C@@H](c3cccc(O)c3)N1C(=O)N(CCCN1CC=CC1)C2=O,quinone compounds
CC(C)CNCCCN1C(=O)N2[C@H](c3cccc(O)c3)c3[nH]c4cc(F)c(Cl)cc4c3C[C@@]2(C)C1=O,quinone compounds
Cn1ccnc1CN1CCC(N2CC(=O)N3[C@H](Cc4c([nH]c5ccccc45)[C@H]3Cc3ccccc3)C2=O)CC1,quinone compounds
O=C1[C@H]2Cc3c([nH]c4ccccc34)[C@@H](c3ccc4c(c3)OC(F)(F)O4)N2C(=O)CN1C1CCN(Cc2ccccc2)CC1,quinone compounds
CC1=CC(=O)C(CCCCC2CCCCC2)=CC1=O,quinone compounds
CC(=O)CC(=O)c1c(O)n(C)c(=O)n(C)c1=O,quinone compounds
CCC/C=C/CC1=C(O)C(=O)C=C(OC)C1=O,quinone compounds
COc1ccc2[nH]c3c(c2c1)C[C@@]1(C)C(=O)N(CCNCCO)CC(=O)N1[C@@H]3c1cccc(O)c1,quinone compounds
CNCCN1CC(=O)N2[C@H](c3cccc(O)c3)c3[nH]c4ccc(OC)cc4c3C[C@@]2(C)C1=O,quinone compounds
COc1ccc2[nH]c3c(c2c1)C[C@@]1(C)C(=O)N(CCCN2CC=CC2)CC(=O)N1[C@@H]3c1cccc(O)c1,quinone compounds
C#CCNCCCN1CC(=O)N2[C@H](c3cccc(O)c3)c3[nH]c4ccc(OC)cc4c3C[C@@]2(C)C1=O,quinone compounds
COc1ccc2[nH]c3c(c2c1)C[C@@]1(C)C(=O)N(CCN2CCCC2)CC(=O)N1[C@@H]3c1cccc(O)c1,quinone compounds
CN1C(=O)[C@@H]2Cc3c([nH]c4ccc(F)cc34)[C@@H](c3cccc(O)c3)N2C1=O,quinone compounds
Cc1cccc2[nH]c3c(c12)C[C@H]1C(=O)N(C)C(=O)N1[C@@H]3c1cccc(O)c1,quinone compounds
O=C(O)C1=N[C@H](C(=O)[O-])CC(/C=C/N2C3=CC(=O)C(=O)C=C3C[C@H]2C(=O)[O-])=C1,quinone compounds
COc1ccc(C(=O)O/N=C2/C=C(C(C)C)C(=O)C=C2C)cc1Br,quinone compounds
CC(C)C1=CC(=O)C(C(C)C)=C(O)C1=O,quinone compounds
O=C1c2ccccc2C(=O)c2cc(CSc3nnc(-c4cc(-c5ccccc5)nc5ccccc45)n3Cc3ccco3)ccc21,quinone compounds
CCOC(CSc1cc(O)c2c(c1O)C(=O)c1ccccc1C2=O)OCC,quinone compounds
Nc1c(Sc2ccc(Br)cc2)c(Sc2ccc(Br)cc2)c(N)c2c1C(=O)c1ccccc1C2=O,quinone compounds
CCC1CCN(c2cccc3c2C(=O)c2ccccc2C3=O)CC1,quinone compounds
O=C1[C@@H]2Cc3c([nH]c4cc(F)ccc34)[C@@H](c3ccc4c(c3)OCO4)N2C(=O)CN1[C@@H]1CCN(Cc2ccccc2)C1,quinone compounds
O=C1NC(=O)n2cc3nc4ccccc4c-3cc21,quinone compounds
Cc1cccc2c1N(C(=O)c1ccc3c(c1)C(=O)c1ccccc1C3=O)[C@@H](C)C[C@@H]2C,quinone compounds
COc1cc2c3c([nH]c2cc1F)[C@@H](c1cccc(O)c1)N1C(=O)N(CCCN2CC=CCC2)C(=O)[C@]1(C)C3,quinone compounds
CN1CCN(CCN2C(=O)N3[C@H](c4cccc(O)c4)c4[nH]c5ccc(Cl)cc5c4C[C@@]3(C)C2=O)CC1,quinone compounds
COc1ccc2[nH]c3c(c2c1)C[C@@]1(C)C(=O)N(CCCNCC2CC2)C(=O)N1[C@@H]3c1cccc(O)c1,quinone compounds
COCCNCCN1C(=O)N2[C@H](c3cccc(O)c3)c3[nH]c4ccc(OC)cc4c3C[C@@]2(C)C1=O,quinone compounds
C[C@@]12Cc3c([nH]c4ccc(OC(F)F)cc34)[C@@H](c3cccc(O)c3)N1C(=O)N(CCCN1CC=CCC1)C2=O,quinone compounds
C#CCNCCN1C(=O)N2[C@H](c3cccc(O)c3)c3[nH]c4ccc(Cl)cc4c3C[C@@]2(C)C1=O,quinone compounds
COc1ccc2[nH]c3c(c2c1F)C[C@@]1(C)C(=O)N(CCCN(C)C)C(=O)N1[C@@H]3c1cccc(O)c1,quinone compounds
CC(=O)N1CCN(CCN2C(=O)N3[C@H](c4cccc(O)c4)c4[nH]c5ccc(Cl)cc5c4C[C@@]3(C)C2=O)CC1,quinone compounds
CCNCCN1C(=O)N2[C@H](c3cccc(O)c3)c3[nH]c4ccc(OCC)cc4c3C[C@@]2(C)C1=O,quinone compounds
CCOc1ccc2[nH]c3c(c2c1)C[C@@]1(C)C(=O)N(CCCNCCOC)C(=O)N1[C@@H]3c1cccc(O)c1,quinone compounds
COc1ccc2[nH]c3c(c2c1F)C[C@@]1(C)C(=O)N(CCN(C)C)C(=O)N1[C@@H]3c1cccc(O)c1,quinone compounds
CCN(CCO)CCN1C(=O)N2[C@H](c3cccc(O)c3)c3[nH]c4ccc(Cl)cc4c3C[C@@]2(C)C1=O,quinone compounds
CC(C)(C)NCCN1C(=O)N2[C@H](c3cccc(O)c3)c3[nH]c4ccc(Cl)cc4c3C[C@@]2(C)C1=O,quinone compounds
COc1cc2c3c([nH]c2cc1F)[C@@H](c1cccc(O)c1)N1C(=O)N(CCN2CCCCC2)C(=O)[C@]1(C)C3,quinone compounds
CCN(CCO)CCCN1C(=O)N2[C@H](c3cccc(O)c3)c3[nH]c4ccc(OC(F)F)cc4c3C[C@@]2(C)C1=O,quinone compounds
CCN(CCCN1C(=O)N2[C@H](c3cccc(O)c3)c3[nH]c4ccc(OC(F)F)cc4c3C[C@@]2(C)C1=O)CCOC,quinone compounds
CCOc1ccc2[nH]c3c(c2c1)C[C@@]1(C)C(=O)N(CCCN(CC)CCO)C(=O)N1[C@@H]3c1cccc(O)c1,quinone compounds
CCOc1ccc2[nH]c3c(c2c1)C[C@@]1(C)C(=O)N(CCN2CCCCC2)C(=O)N1[C@@H]3c1cccc(O)c1,quinone compounds
C[C@@]12Cc3c([nH]c4ccc(OC(F)F)cc34)[C@@H](c3cccc(O)c3)N1C(=O)N(CCCN1CCCCCC1)C2=O,quinone compounds
COc1cc2c3c([nH]c2cc1F)[C@@H](c1cccc(O)c1)N1C(=O)N(CCCN2CCN(C(C)=O)CC2)C(=O)[C@]1(C)C3,quinone compounds
C#CCNCCCN1C(=O)N2[C@H](c3cccc(O)c3)c3[nH]c4ccc(OCC)cc4c3C[C@@]2(C)C1=O,quinone compounds
C[C@@]12Cc3c([nH]c4ccc(Cl)cc34)[C@@H](c3cccc(O)c3)N1C(=O)N(CCN1CCC(F)(F)C1)C2=O,quinone compounds
CC1CCN(CCN2C(=O)N3[C@H](c4cccc(O)c4)c4[nH]c5ccc(OC(F)F)cc5c4C[C@@]3(C)C2=O)CC1,quinone compounds
COc1ccc2[nH]c3c(c2c1F)C[C@@]1(C)C(=O)N(CCN(C)CCO)C(=O)N1[C@@H]3c1cccc(O)c1,quinone compounds
C[C@@]12Cc3c([nH]c4ccc(OC(F)F)cc34)[C@@H](c3cccc(O)c3)N1C(=O)N(CCN1CCCCCC1)C2=O,quinone compounds
CCOc1ccc2[nH]c3c(c2c1)C[C@@]1(C)C(=O)N(CCCN(C)CCO)C(=O)N1[C@@H]3c1cccc(O)c1,quinone compounds
COc1ccc2[nH]c3c(c2c1)C[C@@]1(C)C(=O)N(CCN(C)CCO)C(=O)N1[C@@H]3c1cccc(O)c1,quinone compounds
CCOc1ccc2[nH]c3c(c2c1)C[C@@]1(C)C(=O)N(CCNC2CCC2)C(=O)N1[C@@H]3c1cccc(O)c1,quinone compounds
COc1ccc2[nH]c3c(c2c1F)C[C@@]1(C)C(=O)N(CCCN2CCC(C)CC2)C(=O)N1[C@@H]3c1cccc(O)c1,quinone compounds
CCNCCCN1C(=O)N2[C@H](c3cccc(O)c3)c3[nH]c4cc(F)c(OC)cc4c3C[C@@]2(C)C1=O,quinone compounds
COCCNCCN1C(=O)N2[C@H](c3cccc(O)c3)c3[nH]c4ccc(Br)cc4c3C[C@@]2(C)C1=O,quinone compounds
COc1cc2c3c([nH]c2cc1F)[C@@H](c1cccc(O)c1)N1C(=O)N(CCCNCCO)C(=O)[C@]1(C)C3,quinone compounds
C[C@@]12Cc3c([nH]c4ccc(Cl)cc34)[C@@H](c3cccc(O)c3)N1C(=O)N(CCN1CC=CCC1)C2=O,quinone compounds
C[C@@]12Cc3c([nH]c4ccc(Cl)cc34)[C@@H](c3cccc(O)c3)N1C(=O)N(CCN1CCOCC1)C2=O,quinone compounds
C[C@@]12Cc3c([nH]c4ccc(Br)cc34)[C@@H](c3cccc(O)c3)N1C(=O)N(CCCN1CC=CCC1)C2=O,quinone compounds
COc1ccc2[nH]c3c(c2c1F)C[C@@]1(C)C(=O)N(CCCNC2CC2)C(=O)N1[C@@H]3c1cccc(O)c1,quinone compounds
CC(C)NCCN1C(=O)N2[C@H](c3cccc(O)c3)c3[nH]c4cc(F)c(Cl)cc4c3C[C@@]2(C)C1=O,quinone compounds
CCNCCCN1C(=O)N2[C@H](c3cccc(O)c3)c3[nH]c4ccc(OC)cc4c3C[C@@]2(C)C1=O,quinone compounds
C#CCN(C)CCCN1C(=O)N2[C@H](c3cccc(O)c3)c3[nH]c4cc(F)c(Cl)cc4c3C[C@@]2(C)C1=O,quinone compounds
COc1ccc2[nH]c3c(c2c1F)C[C@@]1(C)C(=O)N(CCN2CCN(C)CC2)C(=O)N1[C@@H]3c1cccc(O)c1,quinone compounds
Cn1ccc(NCCN2C(=O)N3[C@H](c4cccc(O)c4)c4[nH]c5ccc(Cl)cc5c4C[C@@]3(C)C2=O)n1,quinone compounds
CCOc1ccc2[nH]c3c(c2c1)C[C@@]1(C)C(=O)N(CCCN2CCCCCC2)C(=O)N1[C@@H]3c1cccc(O)c1,quinone compounds
COc1cc2c3c([nH]c2cc1F)[C@@H](c1cccc(O)c1)N1C(=O)N(CCCN(C)CCO)C(=O)[C@]1(C)C3,quinone compounds
COc1ccc2[nH]c3c(c2c1)C[C@@]1(C)C(=O)N(CCNCC(F)F)C(=O)N1[C@@H]3c1cccc(O)c1,quinone compounds
CCOc1ccc2[nH]c3c(c2c1)C[C@@]1(C)C(=O)N(CCN(CC)CCOC)C(=O)N1[C@@H]3c1cccc(O)c1,quinone compounds
COc1cc2c3c([nH]c2cc1F)[C@@H](c1cccc(O)c1)N1C(=O)N(CCCN(C)C)C(=O)[C@]1(C)C3,quinone compounds
CCN(C)CCCN1C(=O)N2[C@H](c3cccc(O)c3)c3[nH]c4cc(F)c(OC)cc4c3C[C@@]2(C)C1=O,quinone compounds
C[C@@]12Cc3c([nH]c4cc(F)c(Cl)cc34)[C@@H](c3cccc(O)c3)N1C(=O)N(CCNC1CCC1)C2=O,quinone compounds
COc1cc2c3c([nH]c2cc1F)[C@@H](c1cccc(O)c1)N1C(=O)N(CCCNC(C)C)C(=O)[C@]1(C)C3,quinone compounds
C[C@@]12Cc3c([nH]c4ccc(OC(F)F)cc34)[C@@H](c3cccc(O)c3)N1C(=O)N(CCNC1CCC1)C2=O,quinone compounds
CCOc1ccc2[nH]c3c(c2c1)C[C@@]1(C)C(=O)N(CCNCCO)C(=O)N1[C@@H]3c1cccc(O)c1,quinone compounds
COc1ccc2[nH]c3c(c2c1)C[C@@]1(C)C(=O)N(CCCN2CC=CCC2)C(=O)N1[C@@H]3c1cccc(O)c1,quinone compounds
C[C@@]12Cc3c([nH]c4ccc(Cl)cc34)[C@@H](c3cccc(O)c3)N1C(=O)N(CCCN1CCOCC1)C2=O,quinone compounds
COCCNCCN1C(=O)N2[C@H](c3cccc(O)c3)c3[nH]c4cc(F)c(OC)cc4c3C[C@@]2(C)C1=O,quinone compounds
CN(CCO)CCCN1C(=O)N2[C@H](c3cccc(O)c3)c3[nH]c4ccc(Cl)cc4c3C[C@@]2(C)C1=O,quinone compounds
C[C@@]12Cc3c([nH]c4ccc(Cl)cc34)[C@@H](c3cccc(O)c3)N1C(=O)N(CCNC1CC1)C2=O,quinone compounds
COc1ccc2[nH]c3c(c2c1F)C[C@@]1(C)C(=O)N(CCN2CCCC2)C(=O)N1[C@@H]3c1cccc(O)c1,quinone compounds
C[C@@]12Cc3c([nH]c4ccc(Cl)cc34)[C@@H](c3cccc(O)c3)N1C(=O)N(CCCN1CC=CCC1)C2=O,quinone compounds
CCN(C)CCN1C(=O)N2[C@H](c3cccc(O)c3)c3[nH]c4ccc(OC)c(F)c4c3C[C@@]2(C)C1=O,quinone compounds
COCCNCCCN1C(=O)N2[C@H](c3cccc(O)c3)c3[nH]c4cc(F)c(OC)cc4c3C[C@@]2(C)C1=O,quinone compounds
C[C@@]12Cc3c([nH]c4ccc(Br)cc34)[C@@H](c3cccc(O)c3)N1C(=O)N(CCN1CCCCC1)C2=O,quinone compounds
CC(C)N(C)CCN1C(=O)N2[C@H](c3cccc(O)c3)c3[nH]c4cc(F)c(Cl)cc4c3C[C@@]2(C)C1=O,quinone compounds
CNCCCN1C(=O)N2[C@H](c3cccc(O)c3)c3[nH]c4ccc(OC)c(F)c4c3C[C@@]2(C)C1=O,quinone compounds
COc1cc2c3c([nH]c2cc1F)[C@@H](c1cccc(O)c1)N1C(=O)N(CCN2CCCC2)C(=O)[C@]1(C)C3,quinone compounds
C[C@@]12Cc3c([nH]c4ccc(Br)cc34)[C@@H](c3cccc(O)c3)N1C(=O)N(CCN1CCCC1)C2=O,quinone compounds
CCNCCN1C(=O)N2[C@H](c3cccc(O)c3)c3[nH]c4cc(F)c(OC)cc4c3C[C@@]2(C)C1=O,quinone compounds
COc1ccc2[nH]c3c(c2c1F)C[C@@]1(C)C(=O)N(CCN(C)C(C)C)C(=O)N1[C@@H]3c1cccc(O)c1,quinone compounds
CCN(CC)CCN1C(=O)N2[C@H](c3cccc(O)c3)c3[nH]c4ccc(OC)c(F)c4c3C[C@@]2(C)C1=O,quinone compounds
COc1ccc2[nH]c3c(c2c1)C[C@@]1(C)C(=O)N(CCNCC2CC2)C(=O)N1[C@@H]3c1cccc(O)c1,quinone compounds
CCOc1ccc2[nH]c3c(c2c1)C[C@@]1(C)C(=O)N(CCN2CCOCC2)C(=O)N1[C@@H]3c1ccccc1,quinone compounds
CCOc1ccc2[nH]c3c(c2c1)C[C@@]1(C)C(=O)N(CCNCC2CC2)C(=O)N1[C@@H]3c1ccccc1,quinone compounds
CCOc1ccc2[nH]c3c(c2c1)C[C@@]1(C)C(=O)N(CCCN(C)C(C)C)C(=O)N1[C@@H]3c1ccccc1,quinone compounds
CCOc1ccc2[nH]c3c(c2c1)C[C@@]1(C)C(=O)N(CCNCCO)C(=O)N1[C@@H]3c1ccccc1,quinone compounds
CCOc1ccc2[nH]c3c(c2c1)C[C@@]1(C)C(=O)N(CCCN2CCCCCC2)C(=O)N1[C@@H]3c1ccccc1,quinone compounds
CCOc1ccc2[nH]c3c(c2c1)C[C@@]1(C)C(=O)N(CCNC)C(=O)N1[C@@H]3c1ccccc1,quinone compounds
CC(C)(C)NCCCCN1CC(=O)N2[C@H](c3cccc(O)c3)c3[nH]c4ccc(Cl)cc4c3C[C@@]2(C)C1=O,quinone compounds
CN(C)CCN1CC(=O)N2[C@H](c3cccc(O)c3)c3[nH]c4ccc(Cl)cc4c3C[C@H]2C1=O,quinone compounds
COc1ccc2[nH]c3c(c2c1)C[C@@]1(C)C(=O)N(C)CC(=O)N1[C@H]3c1cccc(O)c1,quinone compounds
CNCCN1CC(=O)N2[C@H](c3cccc(O)c3)c3[nH]c4ccc(OC)cc4c3C[C@]2(C)C1=O,quinone compounds
CN(C)CCCN1C(=O)N2[C@H](c3ccccc3)c3[nH]c4ccc(Br)cc4c3C[C@@]2(C)C1=O,quinone compounds
CC[C@@]12Cc3c([nH]c4ccc(OCCOC)cc34)[C@@H](c3ccccc3)N1C(=O)N(CCN1CCN(C)CC1)C2=O,quinone compounds
COc1ccc2[nH]c3c(c2c1)C[C@]1(C)C(=O)N(CCN(C)C)C(=O)N1[C@H]3c1ccccc1,quinone compounds
CC[C@]12Cc3c([nH]c4ccc(OC)cc34)[C@H](c3ccccc3)N1C(=O)N(C)C2=O,quinone compounds
CC[C@]12Cc3c([nH]c4ccc(Cl)cc34)[C@H](c3ccccc3)N1C(=O)N(C)C2=O,quinone compounds
CN(C)CCN1C(=O)N2[C@@H](c3ccccc3)c3[nH]c4ccc(Cl)cc4c3C[C@]2(C)C1=O,quinone compounds
CCOc1ccc2[nH]c3c(c2c1)C[C@@]1(CC)C(=O)N(CCN2CCOCC2)C(=O)N1[C@@H]3c1ccccc1,quinone compounds
C[C@]12Cc3c([nH]c4ccc(Br)cc34)[C@H](c3ccccc3)N1C(=O)N(CCN1CCCC1)C2=O,quinone compounds
COCCOc1ccc2[nH]c3c(c2c1)C[C@]1(C)C(=O)N(CCN2CCCC2)C(=O)N1[C@H]3c1ccccc1,quinone compounds
CC[C@]12Cc3c([nH]c4ccc(Cl)cc34)[C@H](c3ccccc3)N1C(=O)N(CCn1ccnc1)C2=O,quinone compounds
COc1ccc2[nH]c3c(c2c1)C[C@]1(C)C(=O)N(CCCN2CC=CCC2)C(=O)N1[C@@H]3c1cccc(O)c1,quinone compounds
CCOc1ccc2[nH]c3c(c2c1)C[C@]1(C)C(=O)N(CCN(CC)CCOC)C(=O)N1[C@@H]3c1cccc(O)c1,quinone compounds
CCOc1ccc2[nH]c3c(c2c1)C[C@]1(C)C(=O)N(CCN(C)CCO)C(=O)N1[C@@H]3c1cccc(O)c1,quinone compounds
C[C@@]12Cc3c([nH]c4ccc(OC(F)F)cc34)[C@@H](c3cccc(O)c3)N1C(=O)N(CCN1CCC1)C2=O,quinone compounds
COCCNCCN1C(=O)N2[C@H](c3cccc(O)c3)c3[nH]c4ccc(Cl)cc4c3C[C@]2(C)C1=O,quinone compounds
C[C@]12Cc3c([nH]c4ccc(Cl)cc34)[C@@H](c3cccc(O)c3)N1C(=O)N(CCCNCC1CC1)C2=O,quinone compounds
Cc1cc(C(=O)CN2C(=O)N[C@]3(CCc4ccccc43)C2=O)c(C)n1Cc1ccccc1,quinone compounds
Cc1ccc(-n2c(O)c(/C=N/[C@H]3CCS(=O)(=O)C3)c3ccccc3c2=O)cc1,quinone compounds
Cc1ccc2c(c1)N(S(=O)(=O)c1cccc3c1C(=O)c1ccccc1C3=O)CCC2,quinone compounds
Cc1ccc2c(c1NCCc1ccccc1)C(=O)c1ccccc1C2=O,quinone compounds
CCc1ccccc1NC1=C(Cl)C(=O)C(Nc2ccccc2CC)=C(Cl)C1=O,quinone compounds
CN1CCN(c2cccc3c2C(=O)c2ccccc2C3=O)CC1,quinone compounds
CC1=C(Cl)C(=O)C(C(C)C)=C/C1=N\OC(=O)c1ccc([N+](=O)[O-])cc1,quinone compounds
CC1=C/C(=N\OC(=O)/C=C/c2ccccc2)C(C)=CC1=O,quinone compounds
CC1=C/C(=N\OC(=O)c2ccc(Cl)cc2)C=CC1=O,quinone compounds
CC1=C/C(=N\OC(=O)c2ccc([N+](=O)[O-])cc2)C=CC1=O,quinone compounds
CC1=C/C(=N\OC(=O)c2cccc(C)c2)C(C)=CC1=O,quinone compounds
COc1ccccc1C(=O)O/N=C1\C=C(C(C)C)C(=O)C=C1C,quinone compounds
CC1=CC(=O)C(C(C)C)=C/C1=N\OC(=O)c1ccccc1F,quinone compounds
CC1=CC(=O)C(C(C)C)=C/C1=N\OC(=O)c1cccc(F)c1,quinone compounds
COc1ccc(Cl)cc1C(=O)O/N=C1\C=C(C(C)C)C(=O)C=C1C,quinone compounds
O=C1c2ccccc2C(=O)c2c1cccc2-c1cc(/C=C2/SC(=S)N(c3ccccc3)C2=O)co1,quinone compounds
COc1ccccc1/C=C/c1ccc2c(c1)C(=O)c1ccccc1C2=O,quinone compounds
CCCN1CC(=O)N2[C@@H](Cc3c([nH]c4ccccc34)[C@@H]2C)C1=O,quinone compounds
CC1CCN(S(=O)(=O)c2ccc3c(c2)C(=O)c2ccccc2C3=O)CC1,quinone compounds
Cn1cc(S(=O)(=O)N2CCN(c3ccccc3)CC2)c(=O)n(C)c1=O,quinone compounds